epoch,batch,global_step,split,loss,pos_energy,neg_energy,gap,ranking_acc,lr
1,1,1,train,0.7399765253067017,-0.0830078125,-0.042236328125,0.040771484375,0.54931640625,0.001
1,2,2,train,0.0367133729159832,-3.21875,0.79296875,4.0,0.99462890625,0.001
1,3,3,train,0.024876007810235023,-4.6875,1.84375,6.53125,0.9912109375,0.001
1,4,4,train,0.01646948605775833,-5.53125,2.625,8.125,0.993896484375,0.001
1,5,5,train,0.019401658326387405,-5.84375,3.125,9.0,0.994873046875,0.001
1,6,6,train,0.01751505210995674,-6.03125,3.546875,9.5625,0.99462890625,0.001
1,7,7,train,0.01703529804944992,-6.0,3.84375,9.875,0.996337890625,0.001
1,8,8,train,0.011299727484583855,-6.125,4.0,10.125,0.997802734375,0.001
1,9,9,train,0.019374001771211624,-5.875,4.0625,9.9375,0.99755859375,0.001
1,10,10,train,0.018407385796308517,-5.59375,4.28125,9.875,0.994384765625,0.001
1,11,11,train,0.016961444169282913,-5.3125,4.375,9.6875,0.996337890625,0.001
1,12,12,train,0.011888277716934681,-5.0625,4.375,9.4375,0.9990234375,0.001
1,13,13,train,0.019169293344020844,-4.78125,4.5,9.25,0.99560546875,0.001
1,14,14,train,0.014820202253758907,-4.5,4.5625,9.0625,0.99853515625,0.001
1,15,15,train,0.018147051334381104,-4.15625,4.625,8.75,0.99609375,0.001
1,16,16,train,0.01383073627948761,-4.0625,4.65625,8.75,0.997802734375,0.001
1,17,17,train,0.008635427802801132,-3.796875,4.65625,8.4375,0.999755859375,0.001
1,18,18,train,0.017985809594392776,-3.546875,4.6875,8.25,0.99609375,0.001
1,19,19,train,0.01131831668317318,-3.453125,4.75,8.1875,0.998046875,0.001
1,20,20,train,0.015721848234534264,-3.359375,4.75,8.125,0.99560546875,0.001
1,21,21,train,0.015450692735612392,-3.296875,4.8125,8.125,0.996826171875,0.001
1,22,22,train,0.012315369211137295,-3.390625,4.875,8.25,0.99658203125,0.001
1,23,23,train,0.012374463491141796,-3.328125,4.84375,8.1875,0.996826171875,0.001
1,24,24,train,0.007578329183161259,-3.40625,4.875,8.25,0.999755859375,0.001
1,25,25,train,0.010488341562449932,-3.40625,4.84375,8.25,0.998046875,0.001
1,26,26,train,0.011544721201062202,-3.453125,4.875,8.3125,0.99853515625,0.001
1,27,27,train,0.012338971719145775,-3.515625,4.875,8.375,0.997314453125,0.001
1,28,28,train,0.015508395619690418,-3.484375,4.875,8.375,0.995849609375,0.001
1,29,29,train,0.018254579976201057,-3.46875,4.8125,8.25,0.995849609375,0.001
1,30,30,train,0.009873492643237114,-3.53125,4.84375,8.375,0.998779296875,0.001
1,31,31,train,0.014958162792026997,-3.53125,4.875,8.375,0.996337890625,0.001
1,32,32,train,0.015649298205971718,-3.59375,4.78125,8.375,0.996826171875,0.001
1,33,33,train,0.014258789829909801,-3.625,4.78125,8.375,0.997314453125,0.001
1,34,34,train,0.010789360851049423,-3.78125,4.71875,8.5,0.996826171875,0.001
1,35,35,train,0.0113202054053545,-3.8125,4.71875,8.5,0.997802734375,0.001
1,36,36,train,0.013433421961963177,-3.71875,4.625,8.375,0.998046875,0.001
1,37,37,train,0.011721749790012836,-3.8125,4.59375,8.375,0.997314453125,0.001
1,38,38,train,0.011528399772942066,-3.828125,4.5625,8.375,0.998291015625,0.001
1,39,39,train,0.015868857502937317,-3.8125,4.5,8.3125,0.99658203125,0.001
1,40,40,train,0.012550821527838707,-3.859375,4.53125,8.375,0.99755859375,0.001
1,41,41,train,0.010056564584374428,-3.875,4.40625,8.25,0.998291015625,0.001
1,42,42,train,0.013222361914813519,-3.84375,4.40625,8.25,0.9970703125,0.001
1,43,43,train,0.015138880349695683,-3.765625,4.34375,8.125,0.9970703125,0.001
1,44,44,train,0.009456174448132515,-3.859375,4.28125,8.125,0.99755859375,0.001
1,45,45,train,0.010265668854117393,-3.828125,4.25,8.0625,0.99853515625,0.001
1,46,46,train,0.013040444813668728,-3.8125,4.1875,8.0,0.997314453125,0.001
1,47,47,train,0.007636749651283026,-3.859375,4.21875,8.0625,0.999267578125,0.001
1,48,48,train,0.007668857462704182,-3.890625,4.15625,8.0625,0.999755859375,0.001
1,49,49,train,0.005368548911064863,-4.0625,4.09375,8.125,1.0,0.001
1,50,50,train,0.010029991157352924,-4.0,4.09375,8.125,0.99853515625,0.001
1,51,51,train,0.009047442115843296,-4.03125,4.09375,8.125,0.998779296875,0.001
1,52,52,train,0.009706294164061546,-4.0625,4.0,8.0625,0.99853515625,0.001
1,53,53,train,0.009845184162259102,-4.125,3.96875,8.125,0.998046875,0.001
1,54,54,train,0.01158849149942398,-4.0625,4.0,8.0625,0.998291015625,0.001
1,55,55,train,0.008461314253509045,-4.15625,4.0,8.125,0.999267578125,0.001
1,56,56,train,0.011987283825874329,-4.1875,3.921875,8.125,0.998291015625,0.001
1,57,57,train,0.008646443486213684,-4.15625,3.890625,8.0625,0.9990234375,0.001
1,58,58,train,0.013660862110555172,-4.15625,3.90625,8.0625,0.997314453125,0.001
1,59,59,train,0.01352169830352068,-4.125,3.890625,8.0,0.996337890625,0.001
1,60,60,train,0.015390770509839058,-4.0625,3.875,7.9375,0.99560546875,0.001
1,61,61,train,0.012218184769153595,-4.0625,3.9375,8.0,0.998291015625,0.001
1,62,62,train,0.01331058144569397,-3.96875,3.875,7.84375,0.997802734375,0.001
1,63,63,train,0.010886171832680702,-4.09375,3.953125,8.0625,0.996826171875,0.001
1,64,64,train,0.011738504283130169,-4.0625,3.796875,7.875,0.998046875,0.001
1,65,65,train,0.011969344690442085,-4.0625,3.875,7.9375,0.997314453125,0.001
1,66,66,train,0.013918975368142128,-3.96875,3.921875,7.875,0.998046875,0.001
1,67,67,train,0.011604243889451027,-4.0,3.921875,7.9375,0.997314453125,0.001
1,68,68,train,0.007414673455059528,-4.125,3.90625,8.0,1.0,0.001
1,69,69,train,0.011658228933811188,-4.0,3.984375,8.0,0.99853515625,0.001
1,70,70,train,0.017990274354815483,-4.03125,3.90625,7.9375,0.99365234375,0.001
1,71,71,train,0.017493532970547676,-4.15625,3.875,8.0,0.996337890625,0.001
1,72,72,train,0.014527159743010998,-4.1875,3.96875,8.125,0.996337890625,0.001
1,73,73,train,0.012419229373335838,-4.15625,4.0,8.125,0.9970703125,0.001
1,74,74,train,0.010245072655379772,-4.15625,4.09375,8.25,0.99755859375,0.001
1,75,75,train,0.012535669840872288,-4.09375,4.03125,8.125,0.99755859375,0.001
1,76,76,train,0.01097999420017004,-4.03125,4.0625,8.125,0.998291015625,0.001
1,77,77,train,0.010689661838114262,-4.0,4.03125,8.0,0.99853515625,0.001
1,78,78,train,0.009735863655805588,-3.96875,4.0625,8.0,0.998291015625,0.001
1,79,79,train,0.010560763999819756,-3.921875,4.09375,8.0,0.99853515625,0.001
1,80,80,train,0.009857363067567348,-3.875,4.09375,7.96875,0.9990234375,0.001
1,81,81,train,0.007886857725679874,-3.875,4.125,8.0,0.99951171875,0.001
1,82,82,train,0.008786032907664776,-3.828125,4.15625,8.0,0.9990234375,0.001
1,83,83,train,0.010318590328097343,-3.859375,4.0625,7.9375,0.997802734375,0.001
1,84,84,train,0.010992884635925293,-3.9375,4.125,8.0625,0.997802734375,0.001
1,85,85,train,0.008426906540989876,-4.03125,4.125,8.125,0.999267578125,0.001
1,86,86,train,0.014865657314658165,-3.96875,4.125,8.125,0.99560546875,0.001
1,87,87,train,0.009203359484672546,-4.03125,4.21875,8.25,0.99853515625,0.001
1,88,88,train,0.011813261546194553,-4.03125,4.15625,8.1875,0.997314453125,0.001
1,89,89,train,0.010457094758749008,-4.03125,4.21875,8.25,0.997802734375,0.001
1,90,90,train,0.011350923217833042,-3.90625,4.15625,8.0625,0.997314453125,0.001
1,91,91,train,0.013646528124809265,-3.84375,4.09375,7.9375,0.997314453125,0.001
1,92,92,train,0.012955920770764351,-3.859375,4.15625,8.0,0.997802734375,0.001
1,93,93,train,0.014029973186552525,-3.9375,4.15625,8.125,0.9970703125,0.001
1,94,94,train,0.01083705946803093,-3.890625,4.125,8.0,0.9990234375,0.001
1,95,95,train,0.009816788136959076,-4.0,4.21875,8.25,0.9990234375,0.001
1,96,96,train,0.012448880821466446,-3.953125,4.15625,8.125,0.99755859375,0.001
1,97,97,train,0.0075258053839206696,-4.09375,4.125,8.25,0.999755859375,0.001
1,98,98,train,0.01321379467844963,-3.984375,4.09375,8.0625,0.997802734375,0.001
1,99,99,train,0.00976819358766079,-4.0625,4.0625,8.125,0.998046875,0.001
1,100,100,train,0.0075755855068564415,-4.09375,4.09375,8.1875,0.99951171875,0.001
1,101,101,train,0.008966359309852123,-4.15625,4.03125,8.1875,0.998779296875,0.001
1,102,102,train,0.012119376100599766,-4.125,3.984375,8.125,0.998046875,0.001
1,103,103,train,0.008216752670705318,-4.25,4.0625,8.3125,0.9990234375,0.001
1,104,104,train,0.010230617597699165,-4.1875,3.984375,8.1875,0.99853515625,0.001
1,105,105,train,0.011170409619808197,-4.21875,4.03125,8.25,0.997314453125,0.001
1,106,106,train,0.006233135238289833,-4.40625,4.03125,8.4375,0.99951171875,0.001
1,107,107,train,0.01587047427892685,-4.3125,4.0625,8.375,0.99609375,0.001
1,108,108,train,0.006368735805153847,-4.375,4.03125,8.375,1.0,0.001
1,109,109,train,0.013512929901480675,-4.25,4.03125,8.25,0.996826171875,0.001
1,110,110,train,0.011247104965150356,-4.25,4.03125,8.25,0.99755859375,0.001
1,111,111,train,0.007749620825052261,-4.21875,4.125,8.375,0.9990234375,0.001
1,112,112,train,0.010112964548170567,-4.09375,3.96875,8.0625,0.999267578125,0.001
1,113,113,train,0.007676504086703062,-4.0625,4.03125,8.125,0.999755859375,0.001
1,114,114,train,0.011017732322216034,-3.921875,4.09375,8.0,0.997802734375,0.001
1,115,115,train,0.010457867756485939,-3.96875,4.0,7.96875,0.9970703125,0.001
1,116,116,train,0.008964082226157188,-4.0625,4.03125,8.125,0.9990234375,0.001
1,117,117,train,0.009056705050170422,-4.0,4.0625,8.0625,0.99853515625,0.001
1,118,118,train,0.010452655144035816,-4.03125,4.03125,8.0625,0.998046875,0.001
1,119,119,train,0.008896278217434883,-4.03125,4.125,8.125,0.999267578125,0.001
1,120,120,train,0.007893458008766174,-4.125,4.0625,8.1875,0.999755859375,0.001
1,121,121,train,0.005356023088097572,-4.3125,4.1875,8.5,1.0,0.001
1,122,122,train,0.008229010738432407,-4.25,4.0625,8.3125,0.998779296875,0.001
1,123,123,train,0.008452686481177807,-4.3125,4.1875,8.5,0.9990234375,0.001
1,124,124,train,0.01445896178483963,-4.25,4.1875,8.4375,0.99609375,0.001
1,125,125,train,0.009941192343831062,-4.25,4.15625,8.375,0.99853515625,0.001
1,126,126,train,0.010749655775725842,-4.1875,4.1875,8.375,0.9970703125,0.001
1,127,127,train,0.007428620010614395,-4.3125,4.1875,8.5,0.9990234375,0.001
1,128,128,train,0.008395521901547909,-4.125,4.1875,8.3125,0.999267578125,0.001
1,129,129,train,0.007435106672346592,-4.125,4.28125,8.375,0.9990234375,0.001
1,130,130,train,0.00997290387749672,-4.03125,4.25,8.25,0.99853515625,0.001
1,131,131,train,0.013519933447241783,-3.96875,4.125,8.125,0.997314453125,0.001
1,132,132,train,0.010920094326138496,-3.96875,4.1875,8.125,0.9970703125,0.001
1,133,133,train,0.011120334267616272,-3.859375,4.15625,8.0,0.9990234375,0.001
1,134,134,train,0.016399163752794266,-3.796875,4.21875,8.0,0.9951171875,0.001
1,135,135,train,0.009751678444445133,-3.703125,4.1875,7.875,0.99853515625,0.001
1,136,136,train,0.008868277072906494,-3.65625,4.15625,7.8125,0.99951171875,0.001
1,137,137,train,0.008359640836715698,-3.65625,4.15625,7.8125,0.9990234375,0.001
1,138,138,train,0.013792408630251884,-3.703125,4.125,7.8125,0.99609375,0.001
1,139,139,train,0.011628353968262672,-3.6875,4.125,7.8125,0.997802734375,0.001
1,140,140,train,0.009764710441231728,-3.765625,4.15625,7.9375,0.999267578125,0.001
1,141,141,train,0.011784067377448082,-3.875,4.1875,8.0625,0.998291015625,0.001
1,142,142,train,0.00962301529943943,-4.03125,4.1875,8.25,0.998291015625,0.001
1,143,143,train,0.013121895492076874,-4.15625,4.15625,8.3125,0.9970703125,0.001
1,144,144,train,0.008697100915014744,-4.1875,4.28125,8.5,0.998779296875,0.001
1,145,145,train,0.009268644265830517,-4.25,4.25,8.5,0.999267578125,0.001
1,146,146,train,0.005750321317464113,-4.1875,4.1875,8.375,0.999755859375,0.001
1,147,147,train,0.018025295808911324,-4.0,4.125,8.125,0.993896484375,0.001
1,148,148,train,0.007552553899586201,-4.0625,4.1875,8.25,0.99951171875,0.001
1,149,149,train,0.00690117385238409,-4.0625,4.1875,8.25,0.99951171875,0.001
1,150,150,train,0.007124060764908791,-3.9375,4.15625,8.125,0.999755859375,0.001
1,151,151,train,0.009868507273495197,-3.96875,4.125,8.125,0.998291015625,0.001
1,152,152,train,0.01068529486656189,-3.921875,4.125,8.0625,0.99755859375,0.001
1,153,153,train,0.007957397028803825,-3.90625,4.09375,8.0,0.998046875,0.001
1,154,154,train,0.00805393885821104,-3.890625,4.09375,8.0,0.999267578125,0.001
1,155,155,train,0.011607140302658081,-3.875,4.0625,7.9375,0.99853515625,0.001
1,156,156,train,0.010456321761012077,-3.875,4.15625,8.0,0.998046875,0.001
1,157,157,train,0.007862155325710773,-3.984375,4.09375,8.0625,0.999267578125,0.001
1,158,158,train,0.015207834541797638,-3.96875,4.15625,8.125,0.99462890625,0.001
1,159,159,train,0.009121793322265148,-3.953125,4.1875,8.125,0.99853515625,0.001
1,160,160,train,0.012725495733320713,-3.953125,4.15625,8.125,0.997314453125,0.001
1,161,161,train,0.008083765394985676,-3.984375,4.0625,8.0625,0.99951171875,0.001
1,162,162,train,0.009462444111704826,-4.0,4.0625,8.0625,0.998779296875,0.001
1,163,163,train,0.011732984334230423,-3.875,4.09375,7.96875,0.99755859375,0.001
1,164,164,train,0.0075146849267184734,-4.0,4.15625,8.125,0.999267578125,0.001
1,165,165,train,0.009945221245288849,-3.96875,4.03125,8.0,0.998046875,0.001
1,166,166,train,0.0074197640642523766,-4.0,4.125,8.125,0.99951171875,0.001
1,167,167,train,0.0063309562392532825,-4.0625,4.09375,8.125,0.99951171875,0.001
1,168,168,train,0.0069570522755384445,-4.09375,4.03125,8.125,0.999755859375,0.001
1,169,169,train,0.008501620031893253,-4.1875,4.0,8.1875,0.998779296875,0.001
1,170,170,train,0.008979124017059803,-4.125,4.0,8.125,0.9990234375,0.001
1,171,171,train,0.007798195816576481,-4.15625,4.09375,8.25,0.999755859375,0.001
1,172,172,train,0.013056023977696896,-4.15625,4.09375,8.25,0.9970703125,0.001
1,173,173,train,0.010468898341059685,-4.1875,4.0625,8.25,0.998046875,0.001
1,174,174,train,0.008755895309150219,-4.21875,4.0625,8.25,0.9990234375,0.001
1,175,175,train,0.0070238662883639336,-4.25,4.0625,8.3125,0.999755859375,0.001
1,176,176,train,0.01243413332849741,-4.15625,4.0625,8.25,0.99755859375,0.001
1,177,177,train,0.011076351627707481,-4.09375,4.03125,8.125,0.998291015625,0.001
1,178,178,train,0.008448920212686062,-4.0625,4.0625,8.125,0.9990234375,0.001
1,179,179,train,0.008740531280636787,-4.03125,4.03125,8.0625,0.99853515625,0.001
1,180,180,train,0.012535296380519867,-3.890625,4.0625,7.9375,0.998046875,0.001
1,181,181,train,0.006547837518155575,-3.953125,4.03125,8.0,0.99951171875,0.001
1,182,182,train,0.008495694026350975,-3.953125,4.03125,8.0,0.99853515625,0.001
1,183,183,train,0.007593785412609577,-3.859375,4.09375,7.9375,0.99951171875,0.001
1,184,184,train,0.008160870522260666,-3.921875,4.03125,7.9375,0.999267578125,0.001
1,185,185,train,0.006489097140729427,-4.0,4.125,8.125,0.999755859375,0.001
1,186,186,train,0.0121831763535738,-3.96875,4.125,8.125,0.998046875,0.001
1,187,187,train,0.009473100304603577,-4.09375,4.09375,8.1875,0.9990234375,0.001
1,188,188,train,0.011270929127931595,-4.15625,4.09375,8.25,0.998291015625,0.001
1,189,189,train,0.010728828608989716,-4.125,4.1875,8.3125,0.998291015625,0.001
1,190,190,train,0.013791981153190136,-4.125,4.09375,8.25,0.9970703125,0.001
1,191,191,train,0.009215611964464188,-4.3125,4.09375,8.375,0.998291015625,0.001
1,192,192,train,0.007880924269557,-4.21875,4.21875,8.4375,0.998779296875,0.001
1,193,193,train,0.008431886322796345,-4.34375,4.1875,8.5,0.99853515625,0.001
1,194,194,train,0.007908178493380547,-4.28125,4.21875,8.5,0.99951171875,0.001
1,195,195,train,0.0068480707705020905,-4.15625,4.09375,8.25,0.99951171875,0.001
1,196,196,train,0.005971870385110378,-4.09375,4.0625,8.125,1.0,0.001
1,197,197,train,0.007762471213936806,-4.0,4.1875,8.1875,0.999755859375,0.001
1,198,198,train,0.007366178557276726,-4.0,4.09375,8.125,0.999267578125,0.001
1,199,199,train,0.008158393204212189,-3.953125,4.125,8.0625,0.998779296875,0.001
1,200,200,train,0.008222184143960476,-3.9375,4.21875,8.125,0.9990234375,0.001
1,201,201,train,0.00894787535071373,-3.96875,4.28125,8.25,0.998291015625,0.001
1,202,202,train,0.0072426944971084595,-3.875,4.125,8.0,0.999267578125,0.001
1,203,203,train,0.012919699773192406,-3.75,4.15625,7.90625,0.996337890625,0.001
1,204,204,train,0.008147213608026505,-3.78125,4.15625,7.9375,0.9990234375,0.001
1,205,205,train,0.00998663529753685,-3.671875,4.1875,7.875,0.998291015625,0.001
1,206,206,train,0.0082180704921484,-3.71875,4.1875,7.90625,0.9990234375,0.001
1,207,207,train,0.008605902083218098,-3.875,4.1875,8.0625,0.997802734375,0.001
1,208,208,train,0.012754498049616814,-3.765625,4.1875,7.9375,0.9970703125,0.001
1,209,209,train,0.011848369613289833,-3.890625,4.1875,8.0625,0.99658203125,0.001
1,210,210,train,0.007872850634157658,-3.984375,4.21875,8.1875,0.999267578125,0.001
1,211,211,train,0.008563022129237652,-3.984375,4.1875,8.1875,0.99853515625,0.001
1,212,212,train,0.011553210206329823,-4.0625,4.15625,8.25,0.997802734375,0.001
1,213,213,train,0.008574056439101696,-4.1875,4.21875,8.375,0.998046875,0.001
1,214,214,train,0.012514283880591393,-4.1875,4.21875,8.375,0.996826171875,0.001
1,215,215,train,0.010091042146086693,-4.1875,4.1875,8.375,0.998046875,0.001
1,216,216,train,0.006973447278141975,-4.25,4.15625,8.375,0.999267578125,0.001
1,217,217,train,0.00645319651812315,-4.25,4.125,8.375,0.999267578125,0.001
1,218,218,train,0.0061164190992712975,-4.09375,4.15625,8.25,0.999755859375,0.001
1,219,219,train,0.012008772231638432,-3.921875,4.15625,8.0625,0.99755859375,0.001
1,220,220,train,0.008772256784141064,-3.90625,4.09375,8.0,0.998291015625,0.001
1,221,221,train,0.007976455613970757,-3.921875,4.1875,8.125,0.9990234375,0.001
1,222,222,train,0.010000237263739109,-3.875,4.1875,8.0625,0.997802734375,0.001
1,223,223,train,0.007781306281685829,-4.0,4.125,8.125,0.999755859375,0.001
1,224,224,train,0.008419462479650974,-4.03125,4.125,8.125,0.999267578125,0.001
1,225,225,train,0.007953183725476265,-4.15625,4.1875,8.375,0.999267578125,0.001
1,226,226,train,0.007283659186214209,-4.1875,4.125,8.3125,0.99951171875,0.001
1,227,227,train,0.00634577963501215,-4.25,4.125,8.375,0.99951171875,0.001
1,228,228,train,0.00841687060892582,-4.1875,4.09375,8.25,0.9990234375,0.001
1,229,229,train,0.006748713552951813,-4.34375,4.1875,8.5,0.9990234375,0.001
1,230,230,train,0.009795966558158398,-4.34375,4.0625,8.375,0.9970703125,0.001
1,231,231,train,0.0063072675839066505,-4.25,4.21875,8.5,0.99951171875,0.001
1,232,232,train,0.009490286000072956,-4.125,4.15625,8.25,0.99853515625,0.001
1,233,233,train,0.008015911094844341,-4.03125,4.15625,8.1875,0.998779296875,0.001
1,234,234,train,0.007278444245457649,-3.984375,4.125,8.125,0.999267578125,0.001
1,235,235,train,0.011172718368470669,-3.84375,4.125,7.96875,0.997802734375,0.001
1,236,236,train,0.009178784675896168,-3.78125,4.125,7.90625,0.997802734375,0.001
1,237,237,train,0.0067038144916296005,-3.828125,4.21875,8.0625,0.99951171875,0.001
1,238,238,train,0.0076368218287825584,-3.859375,4.125,8.0,0.99951171875,0.001
1,239,239,train,0.00864982046186924,-3.875,4.1875,8.0625,0.99951171875,0.001
1,240,240,train,0.00643395259976387,-3.96875,4.15625,8.125,0.999267578125,0.001
1,241,241,train,0.009070583619177341,-4.0,4.15625,8.125,0.998291015625,0.001
1,242,242,train,0.009277727454900742,-4.09375,4.1875,8.25,0.997802734375,0.001
1,243,243,train,0.008679796010255814,-4.09375,4.1875,8.25,0.998046875,0.001
1,244,244,train,0.006676709279417992,-4.03125,4.21875,8.25,0.99951171875,0.001
1,245,245,train,0.008916555903851986,-4.0,4.21875,8.25,0.998291015625,0.001
1,246,246,train,0.008768285624682903,-3.953125,4.1875,8.125,0.998779296875,0.001
1,247,247,train,0.006231314968317747,-4.0625,4.15625,8.25,0.999755859375,0.001
1,248,248,train,0.007427808828651905,-4.0625,4.1875,8.25,0.999267578125,0.001
1,249,249,train,0.009008394554257393,-4.0625,4.21875,8.25,0.9990234375,0.001
1,250,250,train,0.008412949740886688,-4.0,4.15625,8.125,0.99853515625,0.001
1,251,251,train,0.0075223930180072784,-4.03125,4.1875,8.25,0.999267578125,0.001
1,252,252,train,0.007388702593743801,-3.890625,4.125,8.0,0.99951171875,0.001
1,253,253,train,0.00746609503403306,-3.921875,4.1875,8.125,0.99853515625,0.001
1,254,254,train,0.00594028877094388,-3.9375,4.15625,8.125,1.0,0.001
1,255,255,train,0.007203123532235622,-3.953125,4.1875,8.125,0.9990234375,0.001
1,256,256,train,0.00706909503787756,-3.96875,4.15625,8.125,0.999755859375,0.001
1,257,257,train,0.005663453135639429,-3.96875,4.125,8.125,1.0,0.001
1,258,258,train,0.008931569755077362,-3.90625,4.15625,8.0625,0.99853515625,0.001
1,259,259,train,0.009516894817352295,-3.921875,4.15625,8.0625,0.998779296875,0.001
1,260,260,train,0.008733334951102734,-3.875,4.09375,7.96875,0.998779296875,0.001
1,261,261,train,0.00624745711684227,-3.96875,4.15625,8.125,0.999755859375,0.001
1,262,262,train,0.011979561299085617,-3.84375,4.1875,8.0,0.99853515625,0.001
1,263,263,train,0.006126688793301582,-4.0,4.15625,8.125,0.99951171875,0.001
1,264,264,train,0.007122508715838194,-4.0,4.09375,8.125,0.999267578125,0.001
1,265,265,train,0.009290838614106178,-4.0625,4.0625,8.125,0.999267578125,0.001
1,266,266,train,0.007004572544246912,-4.09375,4.15625,8.25,0.9990234375,0.001
1,267,267,train,0.005820363759994507,-4.03125,4.03125,8.0625,1.0,0.001
1,268,268,train,0.008783016353845596,-3.890625,4.0625,7.9375,0.998779296875,0.001
1,269,269,train,0.006730268709361553,-3.9375,4.0625,8.0,0.99951171875,0.001
1,270,270,train,0.011749605648219585,-3.859375,4.09375,7.9375,0.998291015625,0.001
1,271,271,train,0.0049467310309410095,-4.0,4.09375,8.125,1.0,0.001
1,272,272,train,0.006330534815788269,-4.0,4.0625,8.0625,0.999755859375,0.001
1,273,273,train,0.006837119348347187,-3.9375,4.03125,7.96875,0.99951171875,0.001
1,274,274,train,0.0065887668170034885,-3.96875,4.0625,8.0,0.999267578125,0.001
1,275,275,train,0.006334638223052025,-4.09375,3.96875,8.0625,0.999267578125,0.001
1,276,276,train,0.006004342809319496,-4.0625,3.984375,8.0625,0.999755859375,0.001
1,277,277,train,0.009382142685353756,-4.125,4.0625,8.1875,0.998291015625,0.001
1,278,278,train,0.01010701060295105,-4.3125,4.09375,8.375,0.997802734375,0.001
1,279,279,train,0.011980516836047173,-4.15625,4.09375,8.25,0.9970703125,0.001
1,280,280,train,0.005737424828112125,-4.09375,4.15625,8.25,0.999755859375,0.001
1,281,281,train,0.009598350152373314,-4.0,4.125,8.125,0.998046875,0.001
1,282,282,train,0.005878622643649578,-4.03125,4.09375,8.125,0.999755859375,0.001
1,283,283,train,0.009222326800227165,-3.921875,4.03125,7.9375,0.99853515625,0.001
1,284,284,train,0.006766789592802525,-3.859375,4.09375,7.9375,0.999755859375,0.001
1,285,285,train,0.009040252305567265,-3.796875,4.09375,7.875,0.998779296875,0.001
1,286,286,train,0.007615829352289438,-3.828125,4.09375,7.9375,0.998779296875,0.001
1,287,287,train,0.007061604410409927,-3.921875,4.15625,8.0625,0.999755859375,0.001
1,288,288,train,0.01190443430095911,-3.8125,4.15625,7.96875,0.997802734375,0.001
1,289,289,train,0.0069129085168242455,-4.0,4.0625,8.0625,0.999755859375,0.001
1,290,290,train,0.005119475536048412,-4.09375,4.125,8.25,0.999755859375,0.001
1,291,291,train,0.011627614498138428,-3.984375,4.0625,8.0625,0.9970703125,0.001
1,292,292,train,0.005852052941918373,-4.03125,4.0625,8.125,0.99951171875,0.001
1,293,293,train,0.009464318864047527,-4.09375,4.125,8.25,0.998046875,0.001
1,294,294,train,0.010133160278201103,-3.96875,4.03125,8.0,0.998046875,0.001
1,295,295,train,0.006643940694630146,-4.03125,4.09375,8.125,0.999755859375,0.001
1,296,296,train,0.007881212048232555,-4.0,4.0625,8.0625,0.9990234375,0.001
1,297,297,train,0.007274373900145292,-3.90625,4.0625,7.96875,0.999755859375,0.001
1,298,298,train,0.0072740791365504265,-3.921875,4.03125,7.9375,0.999267578125,0.001
1,299,299,train,0.00518423318862915,-4.0,4.0,8.0,1.0,0.001
1,300,300,train,0.005117874126881361,-3.984375,4.0,8.0,1.0,0.001
1,301,301,train,0.009000029414892197,-3.96875,4.0625,8.0,0.99853515625,0.001
1,302,302,train,0.0072340769693255424,-3.96875,4.0,7.96875,0.999755859375,0.001
1,303,303,train,0.004992896690964699,-4.0,4.0625,8.0625,1.0,0.001
1,304,304,train,0.006294387858361006,-4.03125,4.09375,8.125,0.99951171875,0.001
1,305,305,train,0.0074235182255506516,-4.0,4.09375,8.125,0.9990234375,0.001
1,306,306,train,0.007534913718700409,-4.15625,4.09375,8.25,0.9990234375,0.001
1,307,307,train,0.009837266057729721,-4.125,4.03125,8.125,0.998046875,0.001
1,308,308,train,0.008618219755589962,-4.15625,4.03125,8.1875,0.99853515625,0.001
1,309,309,train,0.006607837975025177,-4.28125,4.09375,8.375,0.99951171875,0.001
1,310,310,train,0.006484215147793293,-4.1875,4.09375,8.25,0.99951171875,0.001
1,311,311,train,0.006212573032826185,-4.15625,4.09375,8.25,0.99951171875,0.001
1,312,312,train,0.005554711911827326,-4.125,4.0625,8.1875,0.999755859375,0.001
1,313,313,train,0.0056836167350411415,-4.03125,4.0625,8.125,1.0,0.001
1,314,314,train,0.006959232501685619,-3.953125,4.15625,8.125,0.99951171875,0.001
1,315,315,train,0.005143380723893642,-4.0,4.15625,8.125,0.999755859375,0.001
1,316,316,train,0.006352179683744907,-3.9375,4.03125,7.96875,0.99951171875,0.001
1,317,317,train,0.008377041667699814,-3.9375,4.15625,8.125,0.999267578125,0.001
1,318,318,train,0.006043373607099056,-4.03125,4.09375,8.125,0.999755859375,0.001
1,319,319,train,0.006623778026551008,-4.03125,4.15625,8.1875,0.99951171875,0.001
1,320,320,train,0.005098139867186546,-4.15625,4.09375,8.25,1.0,0.001
1,321,321,train,0.005705852992832661,-4.09375,4.15625,8.25,1.0,0.001
1,322,322,train,0.00968615710735321,-4.09375,4.09375,8.1875,0.998046875,0.001
1,323,323,train,0.006726142484694719,-4.03125,4.15625,8.1875,0.9990234375,0.001
1,324,324,train,0.00798992533236742,-3.984375,4.09375,8.0625,0.999267578125,0.001
1,325,325,train,0.008450346067547798,-3.796875,4.125,7.9375,0.999267578125,0.001
1,326,326,train,0.005321206524968147,-3.84375,4.125,7.96875,1.0,0.001
1,327,327,train,0.005963587202131748,-3.859375,4.09375,7.9375,1.0,0.001
1,328,328,train,0.005573800299316645,-3.84375,4.09375,7.9375,0.999755859375,0.001
1,329,329,train,0.006219018250703812,-3.90625,4.0625,7.96875,1.0,0.001
1,330,330,train,0.005266730207949877,-4.0,4.09375,8.125,0.999755859375,0.001
1,331,331,train,0.005462140776216984,-4.0625,4.125,8.1875,0.999755859375,0.001
1,332,332,train,0.006555104628205299,-4.0625,4.03125,8.125,0.999267578125,0.001
1,333,333,train,0.005875312257558107,-3.953125,4.125,8.0625,1.0,0.001
1,334,334,train,0.007265636697411537,-4.03125,4.09375,8.125,0.99951171875,0.001
1,335,335,train,0.0057042124681174755,-4.15625,4.125,8.25,0.999755859375,0.001
1,336,336,train,0.005508446134626865,-4.125,4.09375,8.25,0.999755859375,0.001
1,337,337,train,0.006175460293889046,-4.0625,4.0625,8.125,0.99951171875,0.001
1,338,338,train,0.0063814446330070496,-4.0625,4.0625,8.125,0.999267578125,0.001
1,339,339,train,0.005393541418015957,-3.953125,4.0625,8.0,1.0,0.001
1,340,340,train,0.006752219051122665,-3.765625,4.0,7.75,0.99951171875,0.001
1,341,341,train,0.006877586245536804,-3.828125,4.0625,7.875,0.99951171875,0.001
1,342,342,train,0.006121064070612192,-3.828125,4.125,7.9375,0.999755859375,0.001
1,343,343,train,0.0056893653236329556,-3.828125,4.0625,7.875,0.99951171875,0.001
1,344,344,train,0.005587948486208916,-3.78125,4.09375,7.875,1.0,0.001
1,345,345,train,0.0068379840813577175,-3.8125,4.125,7.9375,0.99951171875,0.001
1,346,346,train,0.00551609555259347,-3.96875,4.125,8.125,0.999755859375,0.001
1,347,347,train,0.005563430488109589,-3.96875,4.0625,8.0,0.999755859375,0.001
1,348,348,train,0.0056031253188848495,-3.953125,4.125,8.0625,0.99951171875,0.001
1,349,349,train,0.00499118585139513,-4.0,4.15625,8.125,1.0,0.001
1,350,350,train,0.006542373448610306,-4.03125,4.0625,8.125,0.99951171875,0.001
1,351,351,train,0.007265279069542885,-4.0625,4.15625,8.25,0.9990234375,0.001
1,352,352,train,0.008033601567149162,-3.953125,4.1875,8.125,0.99853515625,0.001
1,353,353,train,0.008098931051790714,-3.90625,4.1875,8.125,0.999267578125,0.001
1,354,354,train,0.005473053548485041,-3.90625,4.15625,8.0625,0.999755859375,0.001
1,355,355,train,0.0059132324531674385,-3.96875,4.09375,8.0625,1.0,0.001
1,356,356,train,0.005368134006857872,-3.875,4.125,8.0,1.0,0.001
1,357,357,train,0.007814915850758553,-3.90625,4.1875,8.125,0.998779296875,0.001
1,358,358,train,0.006317241583019495,-4.0625,4.125,8.1875,0.99951171875,0.001
1,359,359,train,0.005168909672647715,-4.125,4.125,8.25,1.0,0.001
1,360,360,train,0.006287859287112951,-3.984375,4.1875,8.1875,0.999267578125,0.001
1,361,361,train,0.00565759465098381,-4.0,4.125,8.125,1.0,0.001
1,362,362,train,0.004883822053670883,-3.984375,4.15625,8.125,1.0,0.001
1,363,363,train,0.0053205350413918495,-3.921875,4.09375,8.0,0.999755859375,0.001
1,364,364,train,0.005213061813265085,-3.9375,4.03125,7.96875,1.0,0.001
1,365,365,train,0.005984513089060783,-3.921875,4.09375,8.0,0.99951171875,0.001
1,366,366,train,0.006363539956510067,-3.8125,4.0625,7.875,0.999755859375,0.001
1,367,367,train,0.006577447056770325,-4.0,4.09375,8.125,0.999267578125,0.001
1,368,368,train,0.007944577373564243,-3.890625,4.15625,8.0625,0.998779296875,0.001
1,369,369,train,0.005138680804520845,-4.03125,4.09375,8.125,0.999755859375,0.001
1,370,370,train,0.0058183008804917336,-3.90625,4.0625,7.96875,0.999755859375,0.001
1,371,371,train,0.00509827071800828,-3.828125,4.0625,7.875,1.0,0.001
1,372,372,train,0.006876795552670956,-3.8125,4.03125,7.84375,0.999755859375,0.001
1,373,373,train,0.004896977450698614,-4.03125,4.0625,8.125,1.0,0.001
1,374,374,train,0.0062750051729381084,-4.03125,4.0,8.0,0.99951171875,0.001
1,375,375,train,0.005285368300974369,-4.0625,4.03125,8.125,0.999755859375,0.001
1,376,376,train,0.007660862058401108,-4.0,4.0625,8.0625,0.9990234375,0.001
1,377,377,train,0.005849321372807026,-4.03125,4.0,8.0,1.0,0.001
1,378,378,train,0.00559259532019496,-4.03125,4.03125,8.0625,1.0,0.001
1,379,379,train,0.005871841683983803,-3.984375,4.09375,8.0625,0.99951171875,0.001
1,380,380,train,0.0064727431163191795,-3.859375,4.0,7.875,0.999755859375,0.001
1,381,381,train,0.005535515025258064,-4.0,4.0,8.0,0.99951171875,0.001
1,382,382,train,0.005825395230203867,-3.953125,4.09375,8.0625,0.999267578125,0.001
1,383,383,train,0.005140762776136398,-3.984375,4.0625,8.0625,1.0,0.001
1,384,384,train,0.004935023374855518,-3.96875,4.03125,8.0,1.0,0.001
1,385,385,train,0.007344195619225502,-3.828125,4.0625,7.875,0.99951171875,0.001
1,386,386,train,0.007301192730665207,-3.875,4.03125,7.90625,0.999267578125,0.001
1,387,387,train,0.007790656760334969,-3.921875,4.03125,7.9375,0.999267578125,0.001
1,388,388,train,0.005897708237171173,-3.90625,4.03125,7.9375,0.999755859375,0.001
1,389,389,train,0.005592045374214649,-3.9375,4.0625,8.0,1.0,0.001
1,390,390,train,0.0048784296959638596,-4.03125,4.03125,8.0625,1.0,0.001
1,391,391,train,0.0060843671672046185,-4.125,4.15625,8.25,0.999267578125,0.001
1,392,392,train,0.005434087943285704,-4.0625,4.09375,8.125,0.999755859375,0.001
1,393,393,train,0.006017223931849003,-4.03125,4.09375,8.125,1.0,0.001
1,394,394,train,0.0059305354952812195,-4.0625,4.03125,8.125,0.999755859375,0.001
1,395,395,train,0.005718007683753967,-3.984375,4.09375,8.0625,0.999755859375,0.001
1,396,396,train,0.006499956361949444,-3.796875,4.0625,7.875,0.99951171875,0.001
1,397,397,train,0.005004615057259798,-3.921875,4.125,8.0625,1.0,0.001
1,398,398,train,0.005988967604935169,-3.921875,4.0625,8.0,0.999755859375,0.001
1,399,399,train,0.005422644317150116,-3.875,4.1875,8.0625,0.99951171875,0.001
1,400,400,train,0.006405191496014595,-3.90625,4.125,8.0,0.999267578125,0.001
1,401,401,train,0.007627798244357109,-3.953125,4.09375,8.0625,0.998291015625,0.001
1,402,402,train,0.005583695601671934,-4.125,4.09375,8.25,0.999755859375,0.001
1,403,403,train,0.007707458920776844,-3.953125,4.0625,8.0,0.998779296875,0.001
1,404,404,train,0.00673177745193243,-4.03125,4.09375,8.125,0.999755859375,0.001
1,405,405,train,0.0059022074565291405,-4.03125,4.03125,8.0625,0.999267578125,0.001
1,406,406,train,0.0048123872838914394,-4.0625,4.09375,8.125,1.0,0.001
1,407,407,train,0.005420926492661238,-3.96875,4.0625,8.0,0.999755859375,0.001
1,408,408,train,0.0049933395348489285,-3.953125,4.0625,8.0,0.999755859375,0.001
1,409,409,train,0.005236164666712284,-3.796875,4.03125,7.8125,1.0,0.001
1,410,410,train,0.005406619049608707,-3.9375,4.03125,7.96875,0.99951171875,0.001
1,411,411,train,0.007320019416511059,-3.875,4.03125,7.90625,0.9990234375,0.001
1,412,412,train,0.005564739927649498,-3.921875,4.03125,7.9375,0.999755859375,0.001
1,413,413,train,0.005513036623597145,-4.03125,4.03125,8.0625,0.999755859375,0.001
1,414,414,train,0.005532840266823769,-4.0625,3.96875,8.0,0.99951171875,0.001
1,415,415,train,0.004909846931695938,-4.0,4.03125,8.0,1.0,0.001
1,416,416,train,0.004595912527292967,-4.03125,4.0,8.0,1.0,0.001
1,417,417,train,0.006749198772013187,-3.9375,4.0,7.9375,0.9990234375,0.001
1,418,418,train,0.005796159617602825,-3.71875,4.0625,7.78125,0.999755859375,0.001
1,419,419,train,0.005820137448608875,-3.8125,4.0,7.8125,0.999755859375,0.001
1,420,420,train,0.005643510725349188,-3.828125,3.921875,7.75,1.0,0.001
1,421,421,train,0.004722850397229195,-3.953125,3.984375,7.9375,1.0,0.001
1,422,422,train,0.005564384162425995,-4.03125,3.9375,7.96875,1.0,0.001
1,423,423,train,0.0046577779576182365,-4.125,3.96875,8.125,1.0,0.001
1,424,424,train,0.004679213277995586,-4.15625,3.96875,8.125,1.0,0.001
1,425,425,train,0.004873586818575859,-4.09375,4.0,8.125,1.0,0.001
1,426,426,train,0.005563543178141117,-4.0,3.953125,7.9375,0.999267578125,0.001
1,427,427,train,0.006050392985343933,-3.921875,3.96875,7.875,1.0,0.001
1,428,428,train,0.00571863166987896,-3.890625,3.984375,7.875,0.999755859375,0.001
1,429,429,train,0.00509730726480484,-3.90625,3.953125,7.875,0.999755859375,0.001
1,430,430,train,0.006235502660274506,-3.90625,4.0,7.90625,0.999267578125,0.001
1,431,431,train,0.005865167826414108,-3.875,3.984375,7.875,0.999755859375,0.001
1,432,432,train,0.004662116523832083,-3.9375,3.984375,7.9375,1.0,0.001
1,433,433,train,0.0049036601558327675,-3.96875,3.96875,7.9375,1.0,0.001
1,434,434,train,0.0054409862495958805,-3.984375,3.953125,7.9375,0.999755859375,0.001
1,435,435,train,0.005849916022270918,-3.953125,3.9375,7.875,0.999755859375,0.001
1,436,436,train,0.005287903361022472,-3.890625,3.984375,7.875,1.0,0.001
1,437,437,train,0.0051230378448963165,-3.90625,3.9375,7.84375,1.0,0.001
1,438,438,train,0.007858200930058956,-4.0,3.921875,7.9375,0.998779296875,0.001
1,439,439,train,0.005155276507139206,-4.03125,3.9375,7.96875,1.0,0.001
1,440,440,train,0.005863823927938938,-4.0,3.953125,7.9375,0.99951171875,0.001
1,441,441,train,0.005887316074222326,-3.9375,3.953125,7.875,0.99951171875,0.001
1,442,442,train,0.005120435729622841,-3.9375,3.9375,7.875,1.0,0.001
1,443,443,train,0.004981012083590031,-3.984375,3.921875,7.90625,1.0,0.001
1,444,444,train,0.005986413918435574,-3.953125,3.875,7.8125,0.999267578125,0.001
1,445,445,train,0.004796007182449102,-4.03125,3.875,7.90625,1.0,0.001
1,446,446,train,0.004997421056032181,-4.03125,3.859375,7.875,1.0,0.001
1,447,447,train,0.004958221223205328,-4.03125,3.890625,7.9375,1.0,0.001
1,448,448,train,0.007102611009031534,-4.03125,3.90625,7.9375,0.9990234375,0.001
1,449,449,train,0.004840500187128782,-4.03125,3.953125,8.0,0.999755859375,0.001
1,450,450,train,0.005362741649150848,-3.890625,3.90625,7.8125,1.0,0.001
1,451,451,train,0.00632101995870471,-3.765625,3.890625,7.65625,0.999755859375,0.001
1,452,452,train,0.004869731143116951,-3.875,3.9375,7.8125,1.0,0.001
1,453,453,train,0.0055257403291761875,-3.90625,3.859375,7.75,0.99951171875,0.001
1,454,454,train,0.006893621291965246,-3.9375,3.90625,7.84375,0.99951171875,0.001
1,455,455,train,0.004762446973472834,-3.984375,3.953125,7.9375,1.0,0.001
1,456,456,train,0.004738055169582367,-4.09375,3.9375,8.0,1.0,0.001
1,457,457,train,0.005545937456190586,-4.09375,3.9375,8.0,0.999755859375,0.001
1,458,458,train,0.0059978049248456955,-4.125,3.9375,8.0625,0.999755859375,0.001
1,459,459,train,0.005213993601500988,-4.09375,3.96875,8.0625,1.0,0.001
1,460,460,train,0.006294121965765953,-4.03125,4.03125,8.0625,0.99951171875,0.001
1,461,461,train,0.006105631589889526,-4.03125,4.03125,8.0625,0.9990234375,0.001
1,462,462,train,0.005371465347707272,-3.859375,4.0625,7.9375,1.0,0.001
1,463,463,train,0.004706955514848232,-3.84375,4.09375,7.9375,1.0,0.001
1,464,464,train,0.0051046921871602535,-3.71875,4.09375,7.8125,0.999755859375,0.001
1,465,465,train,0.004683796316385269,-3.71875,4.125,7.84375,1.0,0.001
1,466,466,train,0.005388839170336723,-3.671875,4.125,7.8125,1.0,0.001
1,467,467,train,0.006431990303099155,-3.640625,4.09375,7.75,0.999755859375,0.001
1,468,468,train,0.0061279842630028725,-3.84375,4.03125,7.875,0.999755859375,0.001
1,469,469,train,0.006170590873807669,-3.984375,4.0625,8.0625,0.99951171875,0.001
1,470,470,train,0.00487197982147336,-4.15625,4.0625,8.25,1.0,0.001
1,471,471,train,0.005339230876415968,-4.21875,4.0625,8.25,0.99951171875,0.001
1,472,472,train,0.005269393790513277,-4.25,3.9375,8.1875,0.999755859375,0.001
1,473,473,train,0.005264046601951122,-4.21875,3.984375,8.1875,0.99951171875,0.001
1,474,474,train,0.00572543777525425,-4.0625,3.984375,8.0625,0.999755859375,0.001
1,475,475,train,0.0051537565886974335,-3.9375,3.96875,7.90625,0.999755859375,0.001
1,476,476,train,0.004950285889208317,-3.890625,3.921875,7.8125,1.0,0.001
1,477,477,train,0.007269968278706074,-3.703125,3.96875,7.6875,0.999267578125,0.001
1,478,478,train,0.006672173272818327,-3.765625,3.96875,7.75,0.998779296875,0.001
1,479,479,train,0.006036763079464436,-3.71875,3.984375,7.6875,0.999267578125,0.001
1,480,480,train,0.00458383746445179,-3.765625,3.921875,7.6875,1.0,0.001
1,481,481,train,0.0049844165332615376,-3.890625,3.90625,7.8125,0.999755859375,0.001
1,482,482,train,0.005792899522930384,-3.921875,3.953125,7.875,0.99951171875,0.001
1,483,483,train,0.004851666744798422,-3.953125,3.90625,7.875,1.0,0.001
1,484,484,train,0.005426662042737007,-3.9375,3.953125,7.875,0.99951171875,0.001
1,485,485,train,0.004747918341308832,-4.03125,3.9375,7.96875,1.0,0.001
1,486,486,train,0.0056131742894649506,-4.0,3.90625,7.90625,1.0,0.001
1,487,487,train,0.005509421229362488,-4.03125,3.953125,8.0,0.999755859375,0.001
1,488,488,train,0.006860470864921808,-3.921875,3.953125,7.875,0.99951171875,0.001
1,489,489,train,0.0052763912826776505,-3.84375,3.96875,7.8125,0.999755859375,0.001
1,490,490,train,0.005100008565932512,-3.78125,3.96875,7.75,0.999755859375,0.001
1,491,491,train,0.004968171939253807,-3.734375,3.953125,7.6875,1.0,0.001
1,492,492,train,0.005865325685590506,-3.671875,3.875,7.5625,0.99951171875,0.001
1,493,493,train,0.00505331065505743,-3.71875,3.953125,7.6875,0.999755859375,0.001
1,494,494,train,0.006123802624642849,-3.796875,3.9375,7.75,1.0,0.001
1,495,495,train,0.00490370811894536,-4.0,3.921875,7.9375,1.0,0.001
1,496,496,train,0.005483921617269516,-4.21875,3.953125,8.1875,0.999267578125,0.001
1,497,497,train,0.004642550367861986,-4.25,3.90625,8.125,1.0,0.001
1,498,498,train,0.005642179865390062,-4.25,3.9375,8.1875,0.99951171875,0.001
1,499,499,train,0.005620145704597235,-4.125,3.9375,8.0625,0.999755859375,0.001
1,500,500,train,0.0049585457891225815,-4.03125,3.890625,7.9375,1.0,0.001
1,501,501,train,0.005187708884477615,-3.9375,3.921875,7.875,0.999755859375,0.001
1,502,502,train,0.0049405889585614204,-3.828125,3.90625,7.75,1.0,0.001
1,503,503,train,0.005949161481112242,-3.71875,3.953125,7.6875,0.999267578125,0.001
1,504,504,train,0.006100879982113838,-3.8125,3.921875,7.75,0.99951171875,0.001
1,505,505,train,0.00625472329556942,-3.859375,3.96875,7.8125,0.99951171875,0.001
1,506,506,train,0.004475932102650404,-3.96875,4.0,7.96875,1.0,0.001
1,507,507,train,0.005421738140285015,-4.0625,3.96875,8.0,0.999755859375,0.001
1,508,508,train,0.004465737380087376,-4.03125,3.984375,8.0,1.0,0.001
1,509,509,train,0.0046262615360319614,-4.0,4.0,8.0,0.999755859375,0.001
1,510,510,train,0.005149777512997389,-3.90625,4.0,7.90625,1.0,0.001
1,511,511,train,0.005118122324347496,-3.90625,3.984375,7.875,0.999755859375,0.001
1,512,512,train,0.004728348460048437,-3.828125,4.03125,7.875,1.0,0.001
1,513,513,train,0.005286694038659334,-3.703125,4.0,7.6875,1.0,0.001
1,514,514,train,0.005003432743251324,-3.78125,4.03125,7.8125,0.999755859375,0.001
1,515,515,train,0.004302544519305229,-3.90625,3.96875,7.875,1.0,0.001
1,516,516,train,0.005631172563880682,-3.765625,4.0,7.75,1.0,0.001
1,517,517,train,0.0047935484908521175,-4.0,3.921875,7.9375,1.0,0.001
1,518,518,train,0.005751738324761391,-3.953125,4.03125,8.0,0.99951171875,0.001
1,519,519,train,0.004241251386702061,-3.90625,4.0,7.90625,1.0,0.001
1,520,520,train,0.004582409746944904,-3.890625,3.953125,7.84375,0.999755859375,0.001
1,521,521,train,0.004872624762356281,-3.828125,3.96875,7.8125,0.999755859375,0.001
1,522,522,train,0.0048201135359704494,-3.71875,3.953125,7.6875,1.0,0.001
1,523,523,train,0.00462297024205327,-3.828125,3.921875,7.75,1.0,0.001
1,524,524,train,0.005519377067685127,-3.828125,3.90625,7.75,0.999755859375,0.001
1,525,525,train,0.004832377191632986,-3.953125,3.921875,7.875,1.0,0.001
1,526,526,train,0.004768384620547295,-3.984375,3.9375,7.9375,1.0,0.001
1,527,527,train,0.004856584127992392,-4.03125,3.9375,7.96875,0.999755859375,0.001
1,528,528,train,0.005201344378292561,-4.0,3.890625,7.875,1.0,0.001
1,529,529,train,0.006785024888813496,-4.03125,3.921875,7.9375,0.999267578125,0.001
1,530,530,train,0.005897180177271366,-3.921875,3.9375,7.875,0.99951171875,0.001
1,531,531,train,0.004348131362348795,-4.03125,3.875,7.90625,1.0,0.001
1,532,532,train,0.00498167471960187,-3.90625,3.875,7.78125,1.0,0.001
1,533,533,train,0.005559924989938736,-3.859375,3.921875,7.78125,0.999755859375,0.001
1,534,534,train,0.00428038090467453,-3.96875,3.921875,7.875,1.0,0.001
1,535,535,train,0.005002531222999096,-3.90625,3.921875,7.8125,0.99951171875,0.001
1,536,536,train,0.005011430941522121,-3.890625,3.90625,7.8125,0.999755859375,0.001
1,537,537,train,0.004951218143105507,-3.765625,3.90625,7.6875,1.0,0.001
1,538,538,train,0.005441335961222649,-3.828125,3.875,7.6875,0.99951171875,0.001
1,539,539,train,0.005638798698782921,-3.84375,3.921875,7.75,0.999755859375,0.001
1,540,540,train,0.004938507918268442,-3.96875,3.953125,7.9375,1.0,0.001
1,541,541,train,0.0051741572096943855,-4.09375,3.921875,8.0,0.99951171875,0.001
1,542,542,train,0.005302736535668373,-4.03125,3.921875,7.9375,1.0,0.001
1,543,543,train,0.004902331158518791,-4.15625,3.9375,8.125,1.0,0.001
1,544,544,train,0.004855610430240631,-4.125,3.875,8.0,1.0,0.001
1,545,545,train,0.005553290247917175,-3.984375,3.90625,7.875,0.999755859375,0.001
1,546,546,train,0.0042082821018993855,-4.03125,3.90625,7.9375,1.0,0.001
1,547,547,train,0.005831306800246239,-3.921875,3.84375,7.75,0.999755859375,0.001
1,548,548,train,0.005329465493559837,-3.859375,3.8125,7.6875,0.999755859375,0.001
1,549,549,train,0.004876165185123682,-3.84375,3.875,7.71875,0.999755859375,0.001
1,550,550,train,0.005412890575826168,-3.890625,3.859375,7.75,1.0,0.001
1,551,551,train,0.006065296940505505,-3.875,3.875,7.75,0.99951171875,0.001
1,552,552,train,0.005492367781698704,-3.90625,3.875,7.78125,1.0,0.001
1,553,553,train,0.005000059027224779,-4.03125,3.890625,7.9375,0.999755859375,0.001
1,554,554,train,0.005222237668931484,-4.03125,3.96875,8.0,1.0,0.001
1,555,555,train,0.0043245540000498295,-4.09375,3.921875,8.0,1.0,0.001
1,556,556,train,0.0049386522732675076,-3.984375,3.921875,7.90625,1.0,0.001
1,557,557,train,0.004833080805838108,-3.984375,3.96875,7.9375,1.0,0.001
1,558,558,train,0.005249105393886566,-3.984375,3.921875,7.90625,0.999755859375,0.001
1,559,559,train,0.005551191046833992,-3.90625,3.953125,7.875,0.999755859375,0.001
1,560,560,train,0.004884581547230482,-3.8125,3.953125,7.75,0.999755859375,0.001
1,561,561,train,0.0048674833960831165,-3.828125,3.953125,7.78125,0.999755859375,0.001
1,562,562,train,0.004928954411298037,-3.796875,3.984375,7.78125,0.999755859375,0.001
1,563,563,train,0.004838093183934689,-3.796875,3.921875,7.71875,0.999755859375,0.001
1,564,564,train,0.006255174987018108,-3.75,3.9375,7.6875,1.0,0.001
1,565,565,train,0.004898133687674999,-3.828125,4.0,7.8125,1.0,0.001
1,566,566,train,0.005398056004196405,-3.953125,4.0,7.9375,0.999755859375,0.001
1,567,567,train,0.004777441266924143,-4.0,4.0625,8.0625,0.999755859375,0.001
1,568,568,train,0.006320600397884846,-3.859375,4.0,7.875,1.0,0.001
1,569,569,train,0.005181233398616314,-3.984375,4.0,8.0,0.999755859375,0.001
1,570,570,train,0.006128839682787657,-3.953125,4.03125,8.0,0.999755859375,0.001
1,571,571,train,0.005587180610746145,-3.921875,4.03125,7.9375,0.99951171875,0.001
1,572,572,train,0.004518864676356316,-3.828125,4.03125,7.875,1.0,0.001
1,573,573,train,0.0045890770852565765,-3.734375,4.03125,7.75,1.0,0.001
1,574,574,train,0.00499793142080307,-3.6875,3.953125,7.625,1.0,0.001
1,575,575,train,0.004867976531386375,-3.6875,3.921875,7.625,1.0,0.001
1,576,576,train,0.00451294519007206,-3.875,3.96875,7.84375,1.0,0.001
1,577,577,train,0.004607687704265118,-3.921875,3.984375,7.90625,1.0,0.001
1,578,578,train,0.00500508164986968,-4.03125,3.96875,8.0,0.999755859375,0.001
1,579,579,train,0.004547760356217623,-4.125,3.953125,8.0625,1.0,0.001
1,580,580,train,0.0047121974639594555,-4.03125,3.984375,8.0,1.0,0.001
1,581,581,train,0.004540804773569107,-4.03125,4.03125,8.0625,0.999755859375,0.001
1,582,582,train,0.005191186908632517,-3.890625,3.984375,7.875,0.999755859375,0.001
1,583,583,train,0.00553699629381299,-3.84375,3.921875,7.75,1.0,0.001
1,584,584,train,0.00503594009205699,-3.890625,3.96875,7.875,0.999755859375,0.001
1,585,585,train,0.004369363188743591,-3.734375,3.96875,7.6875,1.0,0.001
1,586,586,train,0.005328011699020863,-3.75,3.9375,7.6875,1.0,0.001
1,587,587,train,0.007063764147460461,-3.796875,3.90625,7.6875,0.999267578125,0.001
1,588,588,train,0.005826340522617102,-4.0,3.890625,7.875,0.999755859375,0.001
1,589,589,train,0.004551246762275696,-4.09375,3.921875,8.0,1.0,0.001
1,590,590,train,0.005949581041932106,-4.0625,3.890625,7.9375,0.99951171875,0.001
1,591,591,train,0.00439373729750514,-4.09375,3.890625,8.0,1.0,0.001
1,592,592,train,0.00521636288613081,-3.953125,3.890625,7.84375,0.999755859375,0.001
1,593,593,train,0.004566901363432407,-3.921875,3.875,7.8125,1.0,0.001
1,594,594,train,0.004593538586050272,-3.953125,3.859375,7.8125,1.0,0.001
1,595,595,train,0.005766571033746004,-3.828125,3.921875,7.75,0.999755859375,0.001
1,596,596,train,0.005574346054345369,-3.96875,3.859375,7.8125,0.99951171875,0.001
1,597,597,train,0.004447694402188063,-4.0,3.859375,7.875,1.0,0.001
1,598,598,train,0.004727911204099655,-4.0,3.890625,7.875,0.999755859375,0.001
1,599,599,train,0.006793064996600151,-3.921875,3.921875,7.84375,0.998779296875,0.001
1,600,600,train,0.0052995458245277405,-3.90625,3.90625,7.8125,1.0,0.001
1,601,601,train,0.00437737675383687,-3.875,3.921875,7.8125,1.0,0.001
1,602,602,train,0.0047743311151862144,-3.859375,3.921875,7.78125,1.0,0.001
1,603,603,train,0.005937028210610151,-3.796875,3.875,7.6875,0.999755859375,0.001
1,604,604,train,0.0044195689260959625,-3.84375,3.875,7.71875,1.0,0.001
1,605,605,train,0.005233480595052242,-3.828125,3.921875,7.75,0.999755859375,0.001
1,606,606,train,0.006470276974141598,-3.859375,3.921875,7.78125,0.99951171875,0.001
1,607,607,train,0.005063938908278942,-3.828125,3.921875,7.75,0.999755859375,0.001
1,608,608,train,0.004577928222715855,-3.90625,3.9375,7.84375,1.0,0.001
1,609,609,train,0.004592173267155886,-3.84375,3.921875,7.75,1.0,0.001
1,610,610,train,0.004607112146914005,-3.875,3.96875,7.84375,1.0,0.001
1,611,611,train,0.004636063240468502,-3.890625,3.9375,7.8125,1.0,0.001
1,612,612,train,0.004258919507265091,-3.953125,3.921875,7.875,1.0,0.001
1,613,613,train,0.00449012778699398,-3.90625,3.9375,7.84375,1.0,0.001
1,614,614,train,0.005651616491377354,-3.859375,3.96875,7.8125,1.0,0.001
1,615,615,train,0.004193414933979511,-3.953125,3.984375,7.9375,1.0,0.001
1,616,616,train,0.005801904946565628,-3.890625,3.953125,7.84375,1.0,0.001
1,617,617,train,0.004616439342498779,-4.0,3.9375,7.9375,1.0,0.001
1,618,618,train,0.0054776971228420734,-4.0,3.953125,7.9375,0.999755859375,0.001
1,619,619,train,0.005222637206315994,-4.0,3.9375,7.9375,0.999755859375,0.001
1,620,620,train,0.004777185618877411,-4.03125,3.890625,7.9375,1.0,0.001
1,621,621,train,0.0053307488560676575,-3.984375,3.90625,7.875,0.999755859375,0.001
1,622,622,train,0.00489967642351985,-3.875,3.875,7.75,1.0,0.001
1,623,623,train,0.004818368703126907,-3.90625,3.890625,7.8125,0.999755859375,0.001
1,624,624,train,0.00537425372749567,-3.875,3.890625,7.75,0.999755859375,0.001
1,625,625,train,0.004658015910536051,-3.890625,3.875,7.75,0.999755859375,0.001
1,626,626,train,0.004515819251537323,-3.921875,3.90625,7.8125,1.0,0.001
1,627,627,train,0.007774473167955875,-3.921875,3.859375,7.78125,0.99853515625,0.001
1,628,628,train,0.004527992568910122,-3.921875,3.875,7.8125,1.0,0.001
1,629,629,train,0.005436724983155727,-3.921875,3.890625,7.8125,1.0,0.001
1,630,630,train,0.004678347613662481,-3.90625,3.875,7.78125,0.999755859375,0.001
1,631,631,train,0.0047218576073646545,-3.9375,3.828125,7.75,1.0,0.001
1,632,632,train,0.005659419111907482,-3.890625,3.875,7.75,0.999755859375,0.001
1,633,633,train,0.005102062132209539,-3.953125,3.90625,7.875,1.0,0.001
1,634,634,train,0.004691599868237972,-3.984375,3.90625,7.875,1.0,0.001
1,635,635,train,0.004542666487395763,-4.125,3.875,8.0,1.0,0.001
1,636,636,train,0.0044834427535533905,-4.03125,3.890625,7.9375,1.0,0.001
1,637,637,train,0.004362345673143864,-4.0,3.921875,7.9375,1.0,0.001
1,638,638,train,0.006085350178182125,-3.90625,3.921875,7.8125,1.0,0.001
1,639,639,train,0.004747097380459309,-3.984375,3.921875,7.90625,0.999755859375,0.001
1,640,640,train,0.004546551965177059,-3.90625,3.890625,7.8125,1.0,0.001
1,641,641,train,0.004840610548853874,-3.84375,3.890625,7.75,1.0,0.001
1,642,642,train,0.004994700662791729,-3.828125,3.890625,7.71875,0.999755859375,0.001
1,643,643,train,0.005302964709699154,-3.859375,3.828125,7.6875,1.0,0.001
1,644,644,train,0.0042679267935454845,-3.796875,3.90625,7.6875,1.0,0.001
1,645,645,train,0.004556817002594471,-3.96875,3.875,7.84375,1.0,0.001
1,646,646,train,0.006196686066687107,-3.953125,3.90625,7.875,0.999267578125,0.001
1,647,647,train,0.004251951351761818,-3.984375,3.90625,7.875,1.0,0.001
1,648,648,train,0.004339310806244612,-4.03125,3.921875,7.9375,1.0,0.001
1,649,649,train,0.0048656403087079525,-3.953125,3.9375,7.875,1.0,0.001
1,650,650,train,0.004380391910672188,-3.84375,3.9375,7.78125,1.0,0.001
1,651,651,train,0.004468945786356926,-3.78125,3.90625,7.6875,1.0,0.001
1,652,652,train,0.004657445475459099,-3.640625,3.921875,7.5625,0.999755859375,0.001
1,653,653,train,0.004164863843470812,-3.59375,3.921875,7.5,1.0,0.001
1,654,654,train,0.005276187788695097,-3.640625,3.890625,7.53125,0.999755859375,0.001
1,655,655,train,0.005128815770149231,-3.703125,3.921875,7.625,1.0,0.001
1,656,656,train,0.006091959774494171,-3.828125,3.921875,7.75,0.999755859375,0.001
1,657,657,train,0.004674797412008047,-4.0,3.90625,7.90625,1.0,0.001
1,658,658,train,0.005113469436764717,-4.0625,3.890625,7.9375,0.999755859375,0.001
1,659,659,train,0.004310362506657839,-4.09375,3.875,7.96875,1.0,0.001
1,660,660,train,0.0045070587657392025,-4.0625,3.875,7.9375,0.999755859375,0.001
1,661,661,train,0.007431046571582556,-3.953125,3.828125,7.78125,0.9990234375,0.001
1,662,662,train,0.004512579180300236,-3.890625,3.828125,7.71875,1.0,0.001
1,663,663,train,0.004279115702956915,-3.84375,3.8125,7.65625,1.0,0.001
1,664,664,train,0.004404914565384388,-3.734375,3.796875,7.53125,1.0,0.001
1,665,665,train,0.0046236575581133366,-3.734375,3.796875,7.53125,1.0,0.001
1,666,666,train,0.004516991320997477,-3.765625,3.796875,7.5625,0.999755859375,0.001
1,667,667,train,0.004699923098087311,-3.8125,3.765625,7.5625,1.0,0.001
1,668,668,train,0.0049020713195204735,-3.859375,3.796875,7.65625,0.999755859375,0.001
1,669,669,train,0.004719214513897896,-3.90625,3.828125,7.75,1.0,0.001
1,670,670,train,0.004246431402862072,-4.03125,3.875,7.90625,1.0,0.001
1,671,671,train,0.005073013249784708,-4.0625,3.875,7.9375,1.0,0.001
1,672,672,train,0.004955302458256483,-3.921875,3.875,7.8125,1.0,0.001
1,673,673,train,0.005964299663901329,-3.9375,3.921875,7.875,0.9990234375,0.001
1,674,674,train,0.004989810287952423,-3.84375,3.921875,7.75,0.999755859375,0.001
1,675,675,train,0.004815465770661831,-3.8125,3.9375,7.75,1.0,0.001
1,676,676,train,0.004866742063313723,-3.765625,3.953125,7.71875,1.0,0.001
1,677,677,train,0.004436812363564968,-3.75,3.984375,7.75,1.0,0.001
1,678,678,train,0.005565636325627565,-3.765625,3.984375,7.75,1.0,0.001
1,679,679,train,0.0042136842384934425,-3.78125,4.0,7.78125,1.0,0.001
1,680,680,train,0.0040771979838609695,-3.828125,4.0,7.8125,1.0,0.001
1,681,681,train,0.004136576782912016,-3.78125,4.03125,7.8125,1.0,0.001
1,682,682,train,0.00424056826159358,-3.6875,4.03125,7.71875,1.0,0.001
1,683,683,train,0.004518823232501745,-3.640625,4.0,7.625,1.0,0.001
1,684,684,train,0.004663919098675251,-3.6875,3.984375,7.6875,1.0,0.001
1,685,685,train,0.004879136569797993,-3.671875,3.96875,7.625,1.0,0.001
1,686,686,train,0.004275383893400431,-3.84375,3.984375,7.8125,1.0,0.001
1,687,687,train,0.00522164162248373,-3.8125,3.953125,7.75,0.999755859375,0.001
1,688,688,train,0.004583659581840038,-3.953125,3.953125,7.90625,0.999755859375,0.001
1,689,689,train,0.004954780451953411,-3.9375,3.9375,7.875,0.999755859375,0.001
1,690,690,train,0.004565836396068335,-3.875,3.953125,7.8125,1.0,0.001
1,691,691,train,0.004337628372013569,-3.953125,3.90625,7.875,1.0,0.001
1,692,692,train,0.004247946199029684,-3.9375,3.890625,7.8125,1.0,0.001
1,693,693,train,0.00467261578887701,-3.84375,3.890625,7.75,1.0,0.001
1,694,694,train,0.004776111803948879,-3.796875,3.875,7.6875,0.999755859375,0.001
1,695,695,train,0.004620974883437157,-3.8125,3.875,7.6875,0.999755859375,0.001
1,696,696,train,0.004196611698716879,-3.78125,3.84375,7.625,1.0,0.001
1,697,697,train,0.00469486229121685,-3.75,3.875,7.625,1.0,0.001
1,698,698,train,0.006647168658673763,-3.765625,3.84375,7.625,0.99951171875,0.001
1,699,699,train,0.005808201618492603,-3.890625,3.8125,7.6875,0.99951171875,0.001
1,700,700,train,0.0052536665461957455,-4.0,3.84375,7.84375,1.0,0.001
1,701,701,train,0.004566573537886143,-4.125,3.859375,8.0,0.999755859375,0.001
1,702,702,train,0.004418934695422649,-4.15625,3.890625,8.0625,1.0,0.001
1,703,703,train,0.004469387233257294,-4.0625,3.84375,7.90625,1.0,0.001
1,704,704,train,0.005099527537822723,-3.90625,3.828125,7.75,0.999755859375,0.001
1,705,705,train,0.004434489645063877,-3.765625,3.828125,7.59375,1.0,0.001
1,706,706,train,0.004869039170444012,-3.625,3.84375,7.46875,1.0,0.001
1,707,707,train,0.004258450120687485,-3.765625,3.84375,7.625,1.0,0.001
1,708,708,train,0.004990545101463795,-3.796875,3.828125,7.625,1.0,0.001
1,709,709,train,0.004980261437594891,-3.875,3.859375,7.75,0.999755859375,0.001
1,710,710,train,0.004098971374332905,-4.0625,3.875,7.9375,1.0,0.001
1,711,711,train,0.005131002049893141,-4.03125,3.90625,7.9375,0.999755859375,0.001
1,712,712,train,0.004863896872848272,-3.984375,3.90625,7.875,1.0,0.001
1,713,713,train,0.005472908262163401,-4.0,3.890625,7.875,0.999755859375,0.001
1,714,714,train,0.005039914511144161,-3.921875,3.921875,7.84375,1.0,0.001
1,715,715,train,0.004356901161372662,-3.96875,3.859375,7.8125,1.0,0.001
1,716,716,train,0.004571255296468735,-3.90625,3.859375,7.75,1.0,0.001
1,717,717,train,0.004369113128632307,-3.921875,3.875,7.8125,1.0,0.001
1,718,718,train,0.005601208657026291,-3.84375,3.84375,7.6875,0.999755859375,0.001
1,719,719,train,0.004254746250808239,-3.859375,3.859375,7.71875,1.0,0.001
1,720,720,train,0.0044598388485610485,-3.84375,3.859375,7.6875,1.0,0.001
1,721,721,train,0.004527305252850056,-3.859375,3.828125,7.6875,1.0,0.001
1,722,722,train,0.003990390338003635,-3.859375,3.859375,7.71875,1.0,0.001
1,723,723,train,0.006088959984481335,-3.75,3.890625,7.625,1.0,0.001
1,724,724,train,0.0044736964628100395,-3.90625,3.84375,7.75,1.0,0.001
1,725,725,train,0.0046643102541565895,-3.890625,3.875,7.75,1.0,0.001
1,726,726,train,0.005110682919621468,-4.03125,3.890625,7.9375,0.999755859375,0.001
1,727,727,train,0.004221318289637566,-4.09375,3.875,7.96875,1.0,0.001
1,728,728,train,0.004853770136833191,-4.09375,3.859375,7.9375,0.999755859375,0.001
1,729,729,train,0.004392462782561779,-4.03125,3.859375,7.875,1.0,0.001
1,730,730,train,0.004091369919478893,-3.890625,3.875,7.75,1.0,0.001
1,731,731,train,0.00427623325958848,-3.765625,3.84375,7.625,1.0,0.001
1,732,732,train,0.00523022748529911,-3.703125,3.828125,7.53125,0.99951171875,0.001
1,733,733,train,0.005055367015302181,-3.625,3.828125,7.4375,0.999755859375,0.001
1,734,734,train,0.004410971887409687,-3.65625,3.859375,7.5,0.999755859375,0.001
1,735,735,train,0.004693475551903248,-3.65625,3.859375,7.5,0.999755859375,0.001
1,736,736,train,0.004449348896741867,-3.8125,3.859375,7.6875,0.999755859375,0.001
1,737,737,train,0.004250010009855032,-3.9375,3.859375,7.8125,1.0,0.001
1,738,738,train,0.0045576877892017365,-3.984375,3.859375,7.84375,1.0,0.001
1,739,739,train,0.00433751568198204,-4.03125,3.84375,7.875,1.0,0.001
1,740,740,train,0.004780156072229147,-4.03125,3.875,7.90625,1.0,0.001
1,741,741,train,0.005225885659456253,-3.890625,3.890625,7.78125,1.0,0.001
1,742,742,train,0.004207429476082325,-3.90625,3.875,7.78125,1.0,0.001
1,743,743,train,0.004320069216191769,-3.875,3.859375,7.75,1.0,0.001
1,744,744,train,0.0056346324272453785,-3.828125,3.875,7.6875,0.999755859375,0.001
1,745,745,train,0.004253310617059469,-3.828125,3.859375,7.6875,1.0,0.001
1,746,746,train,0.004468100145459175,-3.78125,3.875,7.65625,1.0,0.001
1,747,747,train,0.004534611944109201,-3.828125,3.875,7.6875,1.0,0.001
1,748,748,train,0.005638039205223322,-3.8125,3.875,7.6875,0.99951171875,0.001
1,749,749,train,0.004840197041630745,-3.890625,3.90625,7.8125,1.0,0.001
1,750,750,train,0.004955782555043697,-3.890625,3.875,7.75,0.99951171875,0.001
1,751,751,train,0.005044824443757534,-3.875,3.890625,7.75,1.0,0.001
1,752,752,train,0.00441884296014905,-3.875,3.890625,7.75,1.0,0.001
1,753,753,train,0.005738851148635149,-3.921875,3.875,7.8125,0.999755859375,0.001
1,754,754,train,0.0045914426445961,-3.921875,3.90625,7.8125,0.999755859375,0.001
1,755,755,train,0.005212817341089249,-3.90625,3.859375,7.75,1.0,0.001
1,756,756,train,0.004638491198420525,-4.03125,3.859375,7.875,1.0,0.001
1,757,757,train,0.004810159094631672,-3.921875,3.890625,7.8125,1.0,0.001
1,758,758,train,0.004784948658198118,-3.921875,3.90625,7.8125,1.0,0.001
1,759,759,train,0.0042433603666722775,-3.96875,3.96875,7.9375,1.0,0.001
1,760,760,train,0.006106502376496792,-3.921875,3.9375,7.875,0.999755859375,0.001
1,761,761,train,0.004698475822806358,-3.9375,3.9375,7.875,0.999755859375,0.001
1,762,762,train,0.004541474394500256,-3.8125,3.9375,7.75,1.0,0.001
1,763,763,train,0.006131391040980816,-3.703125,3.9375,7.625,0.999755859375,0.001
1,764,764,train,0.004954385105520487,-3.71875,3.890625,7.625,0.999755859375,0.001
1,765,765,train,0.0047586048021912575,-3.765625,3.890625,7.65625,1.0,0.001
1,766,766,train,0.004557139705866575,-3.8125,3.890625,7.6875,1.0,0.001
1,767,767,train,0.004959496669471264,-3.9375,3.890625,7.8125,0.999755859375,0.001
1,768,768,train,0.00444323755800724,-3.90625,3.921875,7.8125,1.0,0.001
1,769,769,train,0.005146825220435858,-4.0,3.890625,7.875,0.999755859375,0.001
1,770,770,train,0.0044914549216628075,-4.0,3.859375,7.875,0.999755859375,0.001
1,771,771,train,0.0048910146579146385,-3.828125,3.84375,7.6875,0.999755859375,0.001
1,772,772,train,0.005486138164997101,-3.734375,3.8125,7.5625,0.999755859375,0.001
1,773,773,train,0.004112712573260069,-3.859375,3.859375,7.71875,1.0,0.001
1,774,774,train,0.005270852707326412,-3.828125,3.84375,7.6875,1.0,0.001
1,775,775,train,0.00420530466362834,-3.953125,3.84375,7.8125,1.0,0.001
1,776,776,train,0.004119881894439459,-4.03125,3.84375,7.875,1.0,0.001
1,777,777,train,0.0042603882029652596,-4.03125,3.828125,7.875,1.0,0.001
1,778,778,train,0.004953895695507526,-3.984375,3.828125,7.8125,1.0,0.001
1,779,779,train,0.004624390043318272,-3.890625,3.796875,7.6875,0.999755859375,0.001
1,780,780,train,0.005164343863725662,-3.8125,3.765625,7.5625,0.999755859375,0.001
1,781,781,train,0.004329059273004532,-3.765625,3.8125,7.5625,1.0,0.001
1,782,782,train,0.005881842225790024,-3.609375,3.8125,7.4375,0.999755859375,0.001
1,783,783,train,0.0055400775745511055,-3.75,3.828125,7.5625,0.99951171875,0.001
1,784,784,train,0.004139971919357777,-4.0,3.859375,7.875,1.0,0.001
1,785,785,train,0.004730739630758762,-4.125,3.828125,7.9375,0.999755859375,0.001
1,786,786,train,0.00515796197578311,-4.09375,3.90625,8.0,0.999755859375,0.001
1,787,787,train,0.0045575546100735664,-4.0,3.921875,7.9375,1.0,0.001
1,788,788,train,0.004705263767391443,-3.96875,3.875,7.84375,0.999755859375,0.001
1,789,789,train,0.004358981736004353,-3.96875,3.90625,7.875,1.0,0.001
1,790,790,train,0.005274815484881401,-3.9375,3.890625,7.8125,0.999755859375,0.001
1,791,791,train,0.004500444978475571,-3.875,3.890625,7.75,0.999755859375,0.001
1,792,792,train,0.0044304137118160725,-3.78125,3.90625,7.6875,1.0,0.001
1,793,793,train,0.004664545878767967,-3.734375,3.890625,7.625,1.0,0.001
1,794,794,train,0.004440708085894585,-3.734375,3.90625,7.625,1.0,0.001
1,795,795,train,0.00470207491889596,-3.8125,3.90625,7.71875,1.0,0.001
1,796,796,train,0.004691501148045063,-3.90625,3.921875,7.8125,0.999755859375,0.001
1,797,797,train,0.0044749886728823185,-3.90625,3.921875,7.8125,1.0,0.001
1,798,798,train,0.004520403686910868,-3.9375,3.921875,7.875,1.0,0.001
1,799,799,train,0.004527175799012184,-3.953125,3.921875,7.875,1.0,0.001
1,800,800,train,0.004309592768549919,-3.96875,3.875,7.84375,1.0,0.001
1,801,801,train,0.005604406353086233,-3.9375,3.890625,7.8125,1.0,0.001
1,802,802,train,0.004539863206446171,-3.828125,3.875,7.6875,1.0,0.001
1,803,803,train,0.00520059559494257,-3.890625,3.828125,7.71875,0.999755859375,0.001
1,804,804,train,0.004180627409368753,-3.90625,3.8125,7.71875,1.0,0.001
1,805,805,train,0.0045819832012057304,-3.921875,3.84375,7.75,0.999755859375,0.001
1,806,806,train,0.005225192755460739,-3.9375,3.859375,7.8125,0.999755859375,0.001
1,807,807,train,0.00431998074054718,-3.953125,3.84375,7.8125,0.999755859375,0.001
1,808,808,train,0.0044244579039514065,-3.921875,3.828125,7.75,1.0,0.001
1,809,809,train,0.004948876798152924,-3.875,3.796875,7.6875,1.0,0.001
1,810,810,train,0.00427583884447813,-3.921875,3.8125,7.75,1.0,0.001
1,811,811,train,0.00482153007760644,-3.828125,3.8125,7.625,1.0,0.001
1,812,812,train,0.005327348131686449,-3.828125,3.765625,7.59375,0.999755859375,0.001
1,813,813,train,0.005290582776069641,-3.953125,3.8125,7.75,0.999755859375,0.001
1,814,814,train,0.0051076519303023815,-4.0,3.78125,7.78125,0.999755859375,0.001
1,815,815,train,0.004133586771786213,-4.0,3.828125,7.8125,1.0,0.001
1,816,816,train,0.004331177566200495,-3.953125,3.8125,7.75,1.0,0.001
1,817,817,train,0.0044471281580626965,-3.921875,3.828125,7.75,1.0,0.001
1,818,818,train,0.004253803752362728,-3.828125,3.828125,7.65625,1.0,0.001
1,819,819,train,0.004424603655934334,-3.78125,3.828125,7.625,1.0,0.001
1,820,820,train,0.004731748253107071,-3.75,3.84375,7.59375,1.0,0.001
1,821,821,train,0.004685370251536369,-3.828125,3.875,7.6875,1.0,0.001
1,822,822,train,0.004567569121718407,-3.953125,3.890625,7.84375,1.0,0.001
1,823,823,train,0.004488204140216112,-4.03125,3.9375,7.96875,1.0,0.001
1,824,824,train,0.004455301910638809,-4.0,3.96875,7.96875,1.0,0.001
1,825,825,train,0.0054826149716973305,-3.984375,3.921875,7.90625,0.999755859375,0.001
1,826,826,train,0.0043054549023509026,-3.9375,3.90625,7.84375,1.0,0.001
1,827,827,train,0.004925970919430256,-3.828125,3.90625,7.75,1.0,0.001
1,828,828,train,0.004645283333957195,-3.71875,3.9375,7.65625,1.0,0.001
1,829,829,train,0.0045303842052817345,-3.65625,3.921875,7.5625,1.0,0.001
1,830,830,train,0.004902668297290802,-3.625,3.921875,7.5625,0.999755859375,0.001
1,831,831,train,0.00437042536213994,-3.71875,3.9375,7.65625,1.0,0.001
1,832,832,train,0.004155278671532869,-3.828125,3.953125,7.78125,1.0,0.001
1,833,833,train,0.004628442227840424,-3.84375,3.953125,7.8125,1.0,0.001
1,834,834,train,0.004396895878016949,-3.890625,3.953125,7.84375,1.0,0.001
1,835,835,train,0.004192248918116093,-3.90625,3.96875,7.875,1.0,0.001
1,836,836,train,0.004648222588002682,-3.875,3.921875,7.8125,1.0,0.001
1,837,837,train,0.0040812259539961815,-3.84375,3.96875,7.8125,1.0,0.001
1,838,838,train,0.005346887279301882,-3.65625,3.9375,7.59375,1.0,0.001
1,839,839,train,0.004223980009555817,-3.765625,3.9375,7.6875,1.0,0.001
1,840,840,train,0.004431682173162699,-3.78125,3.921875,7.6875,0.999755859375,0.001
1,841,841,train,0.004177898168563843,-3.765625,3.921875,7.6875,1.0,0.001
1,842,842,train,0.004144602455198765,-3.78125,3.890625,7.6875,1.0,0.001
1,843,843,train,0.005672090221196413,-3.8125,3.875,7.6875,0.999755859375,0.001
1,844,844,train,0.005869296379387379,-3.875,3.859375,7.75,1.0,0.001
1,845,845,train,0.004433750174939632,-3.96875,3.828125,7.8125,0.999755859375,0.001
1,846,846,train,0.0054763490334153175,-4.0,3.84375,7.84375,1.0,0.001
1,847,847,train,0.004511562176048756,-4.0625,3.84375,7.90625,0.999755859375,0.001
1,848,848,train,0.005065768025815487,-3.984375,3.8125,7.8125,1.0,0.001
1,849,849,train,0.004208686295896769,-3.984375,3.828125,7.8125,1.0,0.001
1,850,850,train,0.003922660369426012,-3.90625,3.796875,7.6875,1.0,0.001
1,851,851,train,0.004865308292210102,-3.84375,3.765625,7.625,0.999755859375,0.001
1,852,852,train,0.004710590932518244,-3.8125,3.78125,7.59375,1.0,0.001
1,853,853,train,0.004569771699607372,-3.765625,3.796875,7.5625,1.0,0.001
1,854,854,train,0.0045722974464297295,-3.71875,3.8125,7.53125,1.0,0.001
1,855,855,train,0.004318399354815483,-3.828125,3.78125,7.625,1.0,0.001
1,856,856,train,0.0049110157415270805,-3.90625,3.8125,7.71875,0.999755859375,0.001
1,857,857,train,0.004979945719242096,-3.96875,3.859375,7.8125,0.999755859375,0.001
1,858,858,train,0.004412973299622536,-3.921875,3.84375,7.75,0.999755859375,0.001
1,859,859,train,0.004547677468508482,-3.890625,3.828125,7.71875,1.0,0.001
1,860,860,train,0.004599494859576225,-3.84375,3.828125,7.6875,0.999755859375,0.001
1,861,861,train,0.004596375394612551,-3.8125,3.84375,7.65625,1.0,0.001
1,862,862,train,0.004258259199559689,-3.84375,3.875,7.71875,1.0,0.001
1,863,863,train,0.004185845609754324,-3.9375,3.90625,7.84375,0.999755859375,0.001
1,864,864,train,0.004035085905343294,-3.84375,3.921875,7.75,1.0,0.001
1,865,865,train,0.004831152968108654,-3.765625,3.9375,7.6875,0.999755859375,0.001
1,866,866,train,0.004775934386998415,-3.65625,3.921875,7.5625,1.0,0.001
1,867,867,train,0.005255139898508787,-3.625,3.890625,7.5,0.999755859375,0.001
1,868,868,train,0.004394609481096268,-3.734375,3.890625,7.625,1.0,0.001
1,869,869,train,0.004394477233290672,-3.84375,3.90625,7.75,1.0,0.001
1,870,870,train,0.004472009371966124,-4.03125,3.90625,7.9375,1.0,0.001
1,871,871,train,0.00431313319131732,-4.0,3.890625,7.875,1.0,0.001
1,872,872,train,0.005162939429283142,-3.921875,3.890625,7.8125,0.999755859375,0.001
1,873,873,train,0.004134782124310732,-3.859375,3.890625,7.75,1.0,0.001
1,874,874,train,0.004008020740002394,-3.859375,3.890625,7.75,1.0,0.001
1,875,875,train,0.004395908676087856,-3.734375,3.859375,7.59375,1.0,0.001
1,876,876,train,0.004313329234719276,-3.6875,3.84375,7.53125,1.0,0.001
1,877,877,train,0.004942124243825674,-3.75,3.859375,7.625,1.0,0.001
1,878,878,train,0.004357222001999617,-3.859375,3.84375,7.6875,1.0,0.001
1,879,879,train,0.004787720739841461,-3.96875,3.84375,7.8125,0.999755859375,0.001
1,880,880,train,0.004524052143096924,-4.03125,3.875,7.90625,1.0,0.001
1,881,881,train,0.004415854811668396,-3.953125,3.859375,7.8125,1.0,0.001
1,882,882,train,0.00441498588770628,-3.984375,3.828125,7.8125,0.999755859375,0.001
1,883,883,train,0.004384653642773628,-3.890625,3.828125,7.71875,1.0,0.001
1,884,884,train,0.004437197931110859,-3.890625,3.8125,7.6875,1.0,0.001
1,885,885,train,0.00433575501665473,-3.796875,3.859375,7.65625,1.0,0.001
1,886,886,train,0.004209140315651894,-3.828125,3.84375,7.6875,1.0,0.001
1,887,887,train,0.00419343076646328,-3.78125,3.84375,7.625,1.0,0.001
1,888,888,train,0.004440699703991413,-3.78125,3.828125,7.625,1.0,0.001
1,889,889,train,0.004311283119022846,-3.84375,3.84375,7.6875,1.0,0.001
1,890,890,train,0.004587281495332718,-3.875,3.859375,7.75,0.999755859375,0.001
1,891,891,train,0.003978262189775705,-3.9375,3.84375,7.78125,1.0,0.001
1,892,892,train,0.005606698803603649,-3.90625,3.8125,7.71875,0.999755859375,0.001
1,893,893,train,0.004351573996245861,-3.96875,3.84375,7.8125,1.0,0.001
1,894,894,train,0.004266161937266588,-3.921875,3.84375,7.75,1.0,0.001
1,895,895,train,0.0040383245795965195,-4.03125,3.828125,7.875,1.0,0.001
1,896,896,train,0.005471142940223217,-3.875,3.84375,7.71875,0.999755859375,0.001
1,897,897,train,0.005926966667175293,-3.734375,3.84375,7.5625,0.999267578125,0.001
1,898,898,train,0.004323015455156565,-3.703125,3.828125,7.53125,1.0,0.001
1,899,899,train,0.00498429499566555,-3.625,3.8125,7.4375,0.999755859375,0.001
1,900,900,train,0.004261538852006197,-3.75,3.796875,7.5625,1.0,0.001
1,901,901,train,0.004307173658162355,-3.9375,3.796875,7.75,0.999755859375,0.001
1,902,902,train,0.004297133535146713,-3.9375,3.84375,7.78125,1.0,0.001
1,903,903,train,0.005093956831842661,-3.96875,3.859375,7.8125,1.0,0.001
1,904,904,train,0.00434248149394989,-4.0625,3.84375,7.90625,1.0,0.001
1,905,905,train,0.0045896777883172035,-4.0,3.828125,7.8125,0.999755859375,0.001
1,906,906,train,0.004498991649597883,-4.0,3.828125,7.8125,0.999755859375,0.001
1,907,907,train,0.004849979188293219,-3.984375,3.8125,7.8125,1.0,0.001
1,908,908,train,0.004535555839538574,-3.828125,3.8125,7.625,1.0,0.001
1,909,909,train,0.004203218035399914,-3.828125,3.84375,7.6875,0.999755859375,0.001
1,910,910,train,0.004499897360801697,-3.765625,3.828125,7.59375,1.0,0.001
1,911,911,train,0.004316504579037428,-3.78125,3.859375,7.625,1.0,0.001
1,912,912,train,0.004225440789014101,-3.6875,3.84375,7.53125,1.0,0.001
1,913,913,train,0.0045617204159498215,-3.671875,3.828125,7.5,1.0,0.001
1,914,914,train,0.005272406153380871,-3.734375,3.84375,7.5625,0.999755859375,0.001
1,915,915,train,0.004942258819937706,-3.8125,3.875,7.6875,1.0,0.001
1,916,916,train,0.004765041172504425,-3.859375,3.890625,7.75,0.999755859375,0.001
1,917,917,train,0.004946166183799505,-3.984375,3.890625,7.875,1.0,0.001
1,918,918,train,0.004459767136722803,-4.0625,3.890625,7.9375,1.0,0.001
1,919,919,train,0.004547080956399441,-4.0625,3.90625,7.96875,0.999755859375,0.001
1,920,920,train,0.004331567790359259,-4.0,3.90625,7.90625,1.0,0.001
1,921,921,train,0.004523839335888624,-3.8125,3.890625,7.6875,1.0,0.001
1,922,922,train,0.004446994513273239,-3.734375,3.890625,7.625,0.999755859375,0.001
1,923,923,train,0.005251440219581127,-3.59375,3.875,7.46875,1.0,0.001
1,924,924,train,0.005058863200247288,-3.671875,3.859375,7.53125,0.99951171875,0.001
1,925,925,train,0.004306084010750055,-3.75,3.890625,7.625,1.0,0.001
1,926,926,train,0.004480669740587473,-3.890625,3.859375,7.75,1.0,0.001
1,927,927,train,0.004317456390708685,-3.9375,3.875,7.8125,1.0,0.001
1,928,928,train,0.0041351355612277985,-4.03125,3.84375,7.875,1.0,0.001
1,929,929,train,0.004516810178756714,-3.984375,3.828125,7.8125,1.0,0.001
1,930,930,train,0.004119933117181063,-3.9375,3.859375,7.8125,1.0,0.001
1,931,931,train,0.0054656206630170345,-3.859375,3.828125,7.6875,1.0,0.001
1,932,932,train,0.0047953324392437935,-3.828125,3.84375,7.6875,0.999755859375,0.001
1,933,933,train,0.004328293725848198,-3.765625,3.84375,7.625,1.0,0.001
1,934,934,train,0.00460752472281456,-3.703125,3.84375,7.5625,1.0,0.001
1,935,935,train,0.004694581963121891,-3.765625,3.859375,7.625,0.999755859375,0.001
1,936,936,train,0.006163862533867359,-3.84375,3.875,7.71875,0.999755859375,0.001
1,937,937,train,0.004993729759007692,-3.828125,3.859375,7.6875,1.0,0.001
1,938,938,train,0.003919579088687897,-3.96875,3.875,7.84375,1.0,0.001
1,939,939,train,0.004076341632753611,-4.0,3.859375,7.875,1.0,0.001
1,940,940,train,0.005096026696264744,-3.859375,3.828125,7.6875,1.0,0.001
1,941,941,train,0.00453087268397212,-3.796875,3.859375,7.65625,1.0,0.001
1,942,942,train,0.005073170177638531,-3.84375,3.859375,7.6875,1.0,0.001
1,943,943,train,0.004079950042068958,-3.890625,3.875,7.75,1.0,0.001
1,944,944,train,0.004325491841882467,-3.859375,3.859375,7.71875,1.0,0.001
1,945,945,train,0.004299972206354141,-3.8125,3.875,7.6875,1.0,0.001
1,946,946,train,0.0040709031745791435,-3.828125,3.84375,7.6875,1.0,0.001
1,947,947,train,0.004225274547934532,-3.765625,3.859375,7.625,1.0,0.001
1,948,948,train,0.004509634338319302,-3.765625,3.84375,7.625,1.0,0.001
1,949,949,train,0.004571347963064909,-3.828125,3.859375,7.6875,1.0,0.001
1,950,950,train,0.004491711035370827,-3.96875,3.828125,7.8125,1.0,0.001
1,951,951,train,0.004597804509103298,-4.0625,3.859375,7.9375,1.0,0.001
1,952,952,train,0.004172199405729771,-4.125,3.859375,8.0,1.0,0.001
1,953,953,train,0.004962584935128689,-4.0625,3.859375,7.9375,0.99951171875,0.001
1,954,954,train,0.004227088764309883,-4.0,3.828125,7.8125,1.0,0.001
1,955,955,train,0.004885059781372547,-3.953125,3.796875,7.75,1.0,0.001
1,956,956,train,0.004572422709316015,-3.875,3.78125,7.65625,1.0,0.001
1,957,957,train,0.004638673737645149,-3.828125,3.796875,7.625,1.0,0.001
1,958,958,train,0.004096046090126038,-3.84375,3.796875,7.625,1.0,0.001
1,959,959,train,0.004006652627140284,-3.828125,3.75,7.5625,1.0,0.001
1,960,960,train,0.004014910198748112,-3.765625,3.765625,7.53125,1.0,0.001
1,961,961,train,0.004446798004209995,-3.75,3.765625,7.5,1.0,0.001
1,962,962,train,0.004527304787188768,-3.78125,3.78125,7.5625,1.0,0.001
1,963,963,train,0.004418753087520599,-3.796875,3.78125,7.5625,1.0,0.001
1,964,964,train,0.004151531495153904,-4.0,3.796875,7.8125,1.0,0.001
1,965,965,train,0.0044739521108567715,-4.09375,3.828125,7.9375,0.999755859375,0.001
1,966,966,train,0.004668563138693571,-4.03125,3.8125,7.84375,0.999755859375,0.001
1,967,967,train,0.004165349528193474,-4.03125,3.84375,7.875,1.0,0.001
1,968,968,train,0.004086141474545002,-3.9375,3.828125,7.75,1.0,0.001
1,969,969,train,0.004021798260509968,-3.875,3.828125,7.6875,1.0,0.001
1,970,970,train,0.004320875741541386,-3.71875,3.828125,7.5625,1.0,0.001
1,971,971,train,0.004496777895838022,-3.65625,3.796875,7.4375,1.0,0.001
1,972,972,train,0.004361491650342941,-3.625,3.8125,7.4375,1.0,0.001
1,973,973,train,0.004189669620245695,-3.734375,3.8125,7.5625,1.0,0.001
1,974,974,train,0.003916126675903797,-3.8125,3.84375,7.65625,1.0,0.001
1,975,975,train,0.004131892696022987,-3.828125,3.84375,7.6875,1.0,0.001
1,976,976,train,0.0041318126022815704,-3.875,3.84375,7.71875,1.0,0.001
1,977,977,train,0.004394073970615864,-3.875,3.84375,7.71875,1.0,0.001
1,978,978,train,0.004277135245501995,-3.890625,3.859375,7.75,1.0,0.001
1,979,979,train,0.0054284376092255116,-3.859375,3.84375,7.6875,1.0,0.001
1,980,980,train,0.005008820444345474,-3.890625,3.8125,7.6875,0.99951171875,0.001
1,981,981,train,0.004731154069304466,-4.0,3.828125,7.8125,0.99951171875,0.001
1,982,982,train,0.004313350189477205,-4.0,3.828125,7.8125,1.0,0.001
1,983,983,train,0.0045097591355443,-3.90625,3.796875,7.6875,1.0,0.001
1,984,984,train,0.004305374808609486,-3.828125,3.84375,7.6875,1.0,0.001
1,985,985,train,0.004468376282602549,-3.765625,3.8125,7.5625,1.0,0.001
1,986,986,train,0.004985763691365719,-3.71875,3.828125,7.5625,0.999755859375,0.001
1,987,987,train,0.0049056559801101685,-3.71875,3.8125,7.53125,1.0,0.001
1,988,988,train,0.0044794837012887,-3.796875,3.828125,7.625,1.0,0.001
1,989,989,train,0.005105314776301384,-3.84375,3.84375,7.6875,0.999755859375,0.001
1,990,990,train,0.004520593211054802,-3.84375,3.90625,7.75,0.999755859375,0.001
1,991,991,train,0.004228738136589527,-3.90625,3.90625,7.8125,1.0,0.001
1,992,992,train,0.004577191546559334,-3.890625,3.90625,7.8125,1.0,0.001
1,993,993,train,0.004674517549574375,-3.828125,3.953125,7.78125,1.0,0.001
1,994,994,train,0.004684160463511944,-3.78125,3.9375,7.71875,1.0,0.001
1,995,995,train,0.0049199252389371395,-3.828125,3.921875,7.75,1.0,0.001
1,996,996,train,0.004759424366056919,-3.859375,3.953125,7.8125,1.0,0.001
1,997,997,train,0.005578889511525631,-3.875,3.953125,7.8125,0.99951171875,0.001
1,998,998,train,0.004609409719705582,-3.921875,3.96875,7.875,0.999755859375,0.001
1,999,999,train,0.005070445127785206,-3.8125,3.953125,7.75,1.0,0.001
1,1000,1000,train,0.004210371524095535,-3.78125,3.953125,7.75,1.0,0.001
1,1001,1001,train,0.005286229774355888,-3.703125,3.953125,7.65625,1.0,0.001
1,1002,1002,train,0.004309496842324734,-3.765625,3.953125,7.71875,1.0,0.001
1,1003,1003,train,0.005819871090352535,-3.703125,3.9375,7.625,0.999755859375,0.001
1,1004,1004,train,0.004810208920389414,-3.890625,3.921875,7.8125,1.0,0.001
1,1005,1005,train,0.004376119934022427,-4.09375,3.890625,8.0,1.0,0.001
1,1006,1006,train,0.004575529135763645,-4.1875,3.875,8.0625,0.999755859375,0.001
1,1007,1007,train,0.0045012482441961765,-4.15625,3.84375,8.0,1.0,0.001
1,1008,1008,train,0.004232837352901697,-4.0625,3.796875,7.875,1.0,0.001
1,1009,1009,train,0.00427110493183136,-4.0,3.8125,7.8125,0.999755859375,0.001
1,1010,1010,train,0.004503677133470774,-3.84375,3.78125,7.625,1.0,0.001
1,1011,1011,train,0.004763351753354073,-3.765625,3.734375,7.5,0.999755859375,0.001
1,1012,1012,train,0.004749968647956848,-3.6875,3.71875,7.40625,0.999755859375,0.001
1,1013,1013,train,0.004714868497103453,-3.71875,3.734375,7.4375,1.0,0.001
1,1014,1014,train,0.005336635746061802,-3.84375,3.765625,7.625,0.999755859375,0.001
1,1015,1015,train,0.004273408092558384,-4.0625,3.765625,7.8125,1.0,0.001
1,1016,1016,train,0.005054319743067026,-4.0625,3.796875,7.875,1.0,0.001
1,1017,1017,train,0.00591807859018445,-4.125,3.828125,7.9375,0.999755859375,0.001
1,1018,1018,train,0.004290888551622629,-4.21875,3.8125,8.0,1.0,0.001
1,1019,1019,train,0.004924317356199026,-4.0625,3.84375,7.90625,1.0,0.001
1,1020,1020,train,0.004764473531395197,-4.03125,3.84375,7.875,1.0,0.001
1,1021,1021,train,0.0046272920444607735,-3.875,3.828125,7.6875,1.0,0.001
1,1022,1022,train,0.004533787723630667,-3.765625,3.84375,7.625,1.0,0.001
1,1023,1023,train,0.006208557635545731,-3.75,3.828125,7.5625,0.999755859375,0.001
1,1024,1024,train,0.004639649298042059,-3.796875,3.84375,7.625,0.999755859375,0.001
1,1025,1025,train,0.0057112667709589005,-3.78125,3.859375,7.625,0.999755859375,0.001
1,1026,1026,train,0.005365604534745216,-3.90625,3.875,7.78125,0.999755859375,0.001
1,1027,1027,train,0.005128033459186554,-3.90625,3.828125,7.75,0.999755859375,0.001
1,1028,1028,train,0.004394684452563524,-4.03125,3.859375,7.875,0.999755859375,0.001
1,1029,1029,train,0.006318085361272097,-3.9375,3.859375,7.8125,0.99951171875,0.001
1,1030,1030,train,0.005480671301484108,-3.984375,3.84375,7.8125,0.999755859375,0.001
1,1031,1031,train,0.005546017549932003,-4.03125,3.84375,7.875,0.999755859375,0.001
1,1032,1032,train,0.004362043924629688,-4.0,3.828125,7.8125,1.0,0.001
1,1033,1033,train,0.004223647993057966,-4.0,3.890625,7.875,1.0,0.001
1,1034,1034,train,0.004326268564909697,-3.96875,3.859375,7.8125,1.0,0.001
1,1035,1035,train,0.004730940330773592,-3.953125,3.859375,7.8125,0.999755859375,0.001
1,1036,1036,train,0.005474919453263283,-3.84375,3.90625,7.75,0.999755859375,0.001
1,1037,1037,train,0.005152462981641293,-3.6875,3.859375,7.5625,1.0,0.001
1,1038,1038,train,0.004430175758898258,-3.71875,3.859375,7.5625,1.0,0.001
1,1039,1039,train,0.0050473324954509735,-3.78125,3.859375,7.625,0.999755859375,0.001
1,1040,1040,train,0.005730205215513706,-3.734375,3.859375,7.59375,0.999755859375,0.001
1,1041,1041,train,0.004670239053666592,-3.921875,3.90625,7.8125,0.999755859375,0.001
1,1042,1042,train,0.004512052983045578,-4.0,3.890625,7.875,1.0,0.001
1,1043,1043,train,0.004615283105522394,-4.09375,3.921875,8.0,1.0,0.001
1,1044,1044,train,0.004632848780602217,-3.984375,3.9375,7.9375,1.0,0.001
1,1045,1045,train,0.005985688418149948,-3.921875,3.890625,7.8125,1.0,0.001
1,1046,1046,train,0.004637422040104866,-4.0,3.875,7.875,0.999755859375,0.001
1,1047,1047,train,0.004595038015395403,-3.90625,3.875,7.78125,1.0,0.001
1,1048,1048,train,0.005106945522129536,-3.796875,3.875,7.6875,0.999755859375,0.001
1,1049,1049,train,0.0042186700738966465,-3.890625,3.859375,7.75,1.0,0.001
1,1050,1050,train,0.0046656373888254166,-3.75,3.890625,7.625,0.999755859375,0.001
1,1051,1051,train,0.004530265461653471,-3.8125,3.84375,7.65625,1.0,0.001
1,1052,1052,train,0.004287159536033869,-3.984375,3.84375,7.8125,1.0,0.001
1,1053,1053,train,0.0047195786610245705,-3.875,3.875,7.75,1.0,0.001
1,1054,1054,train,0.004516996443271637,-3.953125,3.875,7.8125,1.0,0.001
1,1055,1055,train,0.0051762876100838184,-3.9375,3.859375,7.8125,0.999755859375,0.001
1,1056,1056,train,0.0045815021730959415,-3.921875,3.890625,7.8125,0.999755859375,0.001
1,1057,1057,train,0.005834024399518967,-3.875,3.90625,7.78125,0.99951171875,0.001
1,1058,1058,train,0.00439386535435915,-3.890625,3.859375,7.75,1.0,0.001
1,1059,1059,train,0.005533428862690926,-3.796875,3.859375,7.65625,1.0,0.001
1,1060,1060,train,0.004511870443820953,-3.859375,3.875,7.75,1.0,0.001
1,1061,1061,train,0.004395678639411926,-3.90625,3.84375,7.75,1.0,0.001
1,1062,1062,train,0.004536804277449846,-3.90625,3.859375,7.75,1.0,0.001
1,1063,1063,train,0.004321256652474403,-3.96875,3.859375,7.8125,1.0,0.001
1,1064,1064,train,0.004325766582041979,-3.96875,3.890625,7.875,1.0,0.001
1,1065,1065,train,0.0048156860284507275,-3.9375,3.890625,7.8125,0.999755859375,0.001
1,1066,1066,train,0.004241336137056351,-3.90625,3.84375,7.75,1.0,0.001
1,1067,1067,train,0.0044181314297020435,-3.8125,3.84375,7.65625,1.0,0.001
1,1068,1068,train,0.004847756586968899,-3.796875,3.84375,7.625,1.0,0.001
1,1069,1069,train,0.005084690172225237,-3.75,3.859375,7.625,0.999755859375,0.001
1,1070,1070,train,0.004198049195110798,-3.78125,3.859375,7.625,1.0,0.001
1,1071,1071,train,0.005121281370520592,-3.703125,3.84375,7.5625,1.0,0.001
1,1072,1072,train,0.004665857646614313,-3.75,3.890625,7.625,0.999755859375,0.001
1,1073,1073,train,0.004444843158125877,-3.765625,3.921875,7.6875,1.0,0.001
1,1074,1074,train,0.004425129387527704,-3.84375,3.921875,7.75,1.0,0.001
1,1075,1075,train,0.004940986633300781,-3.8125,3.953125,7.75,1.0,0.001
1,1076,1076,train,0.005991249345242977,-3.8125,3.921875,7.75,0.999755859375,0.001
1,1077,1077,train,0.005067126359790564,-3.953125,3.921875,7.875,1.0,0.001
1,1078,1078,train,0.004377324134111404,-4.0,3.9375,7.9375,1.0,0.001
1,1079,1079,train,0.0042436798103153706,-4.0625,3.953125,8.0,1.0,0.001
1,1080,1080,train,0.004490362945944071,-3.96875,3.953125,7.9375,1.0,0.001
1,1081,1081,train,0.00471669714897871,-3.890625,4.0,7.875,0.999755859375,0.001
1,1082,1082,train,0.004704662598669529,-3.8125,3.921875,7.75,1.0,0.001
1,1083,1083,train,0.004687179811298847,-3.734375,3.90625,7.625,0.999755859375,0.001
1,1084,1084,train,0.004972222726792097,-3.671875,3.890625,7.5625,0.999755859375,0.001
1,1085,1085,train,0.0048779090866446495,-3.75,3.875,7.625,0.999755859375,0.001
1,1086,1086,train,0.004454959183931351,-3.796875,3.90625,7.6875,1.0,0.001
1,1087,1087,train,0.004369161557406187,-3.84375,3.921875,7.75,1.0,0.001
1,1088,1088,train,0.004886016249656677,-3.828125,3.875,7.6875,1.0,0.001
1,1089,1089,train,0.004496423993259668,-4.09375,3.90625,8.0,1.0,0.001
1,1090,1090,train,0.005933376029133797,-4.125,3.921875,8.0625,0.999267578125,0.001
1,1091,1091,train,0.004816098138689995,-4.03125,3.921875,7.9375,1.0,0.001
1,1092,1092,train,0.004419868811964989,-4.0625,3.890625,7.9375,1.0,0.001
1,1093,1093,train,0.004497257061302662,-4.0,3.875,7.875,0.999755859375,0.001
1,1094,1094,train,0.004042565356940031,-3.890625,3.890625,7.78125,1.0,0.001
1,1095,1095,train,0.004453844390809536,-3.703125,3.890625,7.59375,1.0,0.001
1,1096,1096,train,0.004951882176101208,-3.640625,3.8125,7.4375,0.99951171875,0.001
1,1097,1097,train,0.004621186293661594,-3.640625,3.796875,7.4375,1.0,0.001
1,1098,1098,train,0.004362988751381636,-3.765625,3.8125,7.5625,1.0,0.001
1,1099,1099,train,0.0045056468807160854,-3.84375,3.84375,7.6875,1.0,0.001
1,1100,1100,train,0.004061833024024963,-4.03125,3.84375,7.875,1.0,0.001
1,1101,1101,train,0.004418446682393551,-4.125,3.828125,7.9375,1.0,0.001
1,1102,1102,train,0.0041812811978161335,-4.1875,3.890625,8.0625,1.0,0.001
1,1103,1103,train,0.004221661947667599,-4.125,3.84375,7.96875,1.0,0.001
1,1104,1104,train,0.004452269524335861,-3.96875,3.828125,7.8125,1.0,0.001
1,1105,1105,train,0.004469825886189938,-3.8125,3.8125,7.625,1.0,0.001
1,1106,1106,train,0.0054279472678899765,-3.71875,3.796875,7.5,0.99951171875,0.001
1,1107,1107,train,0.004117293283343315,-3.640625,3.796875,7.4375,1.0,0.001
1,1108,1108,train,0.004287221468985081,-3.640625,3.78125,7.4375,1.0,0.001
1,1109,1109,train,0.005117054563015699,-3.703125,3.796875,7.5,1.0,0.001
1,1110,1110,train,0.003966090269386768,-3.875,3.828125,7.6875,1.0,0.001
1,1111,1111,train,0.004441549070179462,-3.890625,3.8125,7.6875,1.0,0.001
1,1112,1112,train,0.004097728990018368,-4.0625,3.875,7.9375,1.0,0.001
1,1113,1113,train,0.00419921800494194,-4.0,3.84375,7.84375,1.0,0.001
1,1114,1114,train,0.004358506761491299,-4.03125,3.828125,7.875,1.0,0.001
1,1115,1115,train,0.005312491208314896,-3.953125,3.84375,7.8125,1.0,0.001
1,1116,1116,train,0.005780135281383991,-3.921875,3.84375,7.75,0.999755859375,0.001
1,1117,1117,train,0.005325728096067905,-3.84375,3.828125,7.6875,0.999755859375,0.001
1,1118,1118,train,0.004599963314831257,-3.828125,3.859375,7.6875,1.0,0.001
1,1119,1119,train,0.004097849130630493,-3.796875,3.859375,7.65625,1.0,0.001
1,1120,1120,train,0.004265918862074614,-3.765625,3.890625,7.65625,1.0,0.001
1,1121,1121,train,0.0043605538085103035,-3.71875,3.859375,7.5625,1.0,0.001
1,1122,1122,train,0.00467744329944253,-3.734375,3.84375,7.5625,1.0,0.001
1,1123,1123,train,0.0047164298593997955,-3.78125,3.875,7.65625,1.0,0.001
1,1124,1124,train,0.004053403157740831,-3.875,3.90625,7.78125,1.0,0.001
1,1125,1125,train,0.004421858582645655,-3.859375,3.9375,7.8125,1.0,0.001
1,1126,1126,train,0.004851417616009712,-3.9375,3.921875,7.875,1.0,0.001
1,1127,1127,train,0.005265074782073498,-3.953125,3.875,7.8125,0.99951171875,0.001
1,1128,1128,train,0.004329188261181116,-3.890625,3.890625,7.78125,1.0,0.001
1,1129,1129,train,0.004257079213857651,-3.859375,3.90625,7.75,0.999755859375,0.001
1,1130,1130,train,0.005033979192376137,-3.78125,3.875,7.65625,0.999755859375,0.001
1,1131,1131,train,0.0046758633106946945,-3.765625,3.90625,7.6875,1.0,0.001
1,1132,1132,train,0.004335334524512291,-3.796875,3.890625,7.6875,1.0,0.001
1,1133,1133,train,0.005185210146009922,-3.78125,3.875,7.65625,0.999755859375,0.001
1,1134,1134,train,0.004303415305912495,-3.921875,3.875,7.8125,1.0,0.001
1,1135,1135,train,0.00496622733771801,-3.9375,3.875,7.8125,1.0,0.001
1,1136,1136,train,0.006579479202628136,-4.0,3.859375,7.875,0.999267578125,0.001
1,1137,1137,train,0.00470776716247201,-4.03125,3.859375,7.875,1.0,0.001
1,1138,1138,train,0.00448587816208601,-3.984375,3.875,7.875,1.0,0.001
1,1139,1139,train,0.0039001989644020796,-3.953125,3.828125,7.78125,1.0,0.001
1,1140,1140,train,0.005092989653348923,-3.84375,3.8125,7.65625,0.999755859375,0.001
1,1141,1141,train,0.004218049347400665,-3.71875,3.796875,7.5,1.0,0.001
1,1142,1142,train,0.004545162431895733,-3.640625,3.78125,7.4375,1.0,0.001
1,1143,1143,train,0.0042193871922791,-3.671875,3.796875,7.46875,1.0,0.001
1,1144,1144,train,0.005167682655155659,-3.734375,3.78125,7.5,0.999755859375,0.001
1,1145,1145,train,0.00511159747838974,-3.890625,3.8125,7.6875,0.999755859375,0.001
1,1146,1146,train,0.005100900307297707,-3.953125,3.84375,7.8125,1.0,0.001
1,1147,1147,train,0.004932667128741741,-4.0,3.859375,7.875,0.999755859375,0.001
1,1148,1148,train,0.004896614700555801,-4.0625,3.796875,7.875,0.999755859375,0.001
1,1149,1149,train,0.004220935050398111,-4.1875,3.84375,8.0,1.0,0.001
1,1150,1150,train,0.004687732085585594,-4.09375,3.8125,7.90625,0.999755859375,0.001
1,1151,1151,train,0.00437692366540432,-4.09375,3.84375,7.9375,1.0,0.001
1,1152,1152,train,0.004382927902042866,-3.875,3.828125,7.6875,1.0,0.001
1,1153,1153,train,0.004636574070900679,-3.828125,3.8125,7.625,1.0,0.001
1,1154,1154,train,0.004506594967097044,-3.75,3.796875,7.5625,1.0,0.001
1,1155,1155,train,0.004780062939971685,-3.6875,3.796875,7.5,1.0,0.001
1,1156,1156,train,0.004416159354150295,-3.796875,3.796875,7.59375,1.0,0.001
1,1157,1157,train,0.0050406688824296,-3.8125,3.84375,7.65625,0.999755859375,0.001
1,1158,1158,train,0.00420966325327754,-3.921875,3.890625,7.8125,1.0,0.001
1,1159,1159,train,0.004697672091424465,-4.0,3.890625,7.875,1.0,0.001
1,1160,1160,train,0.004375217016786337,-4.03125,3.90625,7.9375,1.0,0.001
1,1161,1161,train,0.0049415575340390205,-3.984375,3.921875,7.90625,1.0,0.001
1,1162,1162,train,0.005165895447134972,-3.921875,3.90625,7.8125,1.0,0.001
1,1163,1163,train,0.004241694696247578,-3.9375,3.921875,7.875,1.0,0.001
1,1164,1164,train,0.004667665809392929,-3.90625,3.859375,7.75,0.999755859375,0.001
1,1165,1165,train,0.004357770550996065,-3.8125,3.890625,7.6875,1.0,0.001
1,1166,1166,train,0.004547733813524246,-3.796875,3.859375,7.65625,0.999755859375,0.001
1,1167,1167,train,0.004505014978349209,-3.703125,3.875,7.5625,0.99951171875,0.001
1,1168,1168,train,0.004669597372412682,-3.671875,3.859375,7.53125,1.0,0.001
1,1169,1169,train,0.004064268432557583,-3.765625,3.859375,7.625,1.0,0.001
1,1170,1170,train,0.0042936792597174644,-3.828125,3.859375,7.6875,1.0,0.001
1,1171,1171,train,0.004086993169039488,-3.90625,3.859375,7.75,1.0,0.001
1,1172,1172,train,0.004453995265066624,-3.9375,3.859375,7.8125,1.0,0.001
1,1173,1173,train,0.004972611553966999,-3.953125,3.84375,7.8125,0.999755859375,0.001
1,1174,1174,train,0.004060486797243357,-4.03125,3.84375,7.875,1.0,0.001
1,1175,1175,train,0.005376897286623716,-4.0,3.828125,7.8125,0.999755859375,0.001
1,1176,1176,train,0.004386300221085548,-3.984375,3.828125,7.8125,1.0,0.001
1,1177,1177,train,0.004260770045220852,-3.953125,3.796875,7.75,1.0,0.001
1,1178,1178,train,0.005340295378118753,-3.8125,3.78125,7.59375,0.999755859375,0.001
1,1179,1179,train,0.004453917965292931,-3.8125,3.765625,7.5625,1.0,0.001
1,1180,1180,train,0.004344115033745766,-3.765625,3.796875,7.5625,1.0,0.001
1,1181,1181,train,0.005859038792550564,-3.765625,3.78125,7.5625,0.99951171875,0.001
1,1182,1182,train,0.005154978483915329,-3.734375,3.796875,7.53125,0.99951171875,0.001
1,1183,1183,train,0.004522797651588917,-3.8125,3.84375,7.65625,1.0,0.001
1,1184,1184,train,0.0046867914497852325,-3.859375,3.875,7.75,1.0,0.001
1,1185,1185,train,0.0044508082792162895,-3.921875,3.859375,7.78125,1.0,0.001
1,1186,1186,train,0.004231895320117474,-3.921875,3.90625,7.8125,1.0,0.001
1,1187,1187,train,0.0047727711498737335,-3.9375,3.890625,7.8125,1.0,0.001
1,1188,1188,train,0.0048376768827438354,-3.890625,3.90625,7.8125,1.0,0.001
1,1189,1189,train,0.004364341031759977,-3.921875,3.9375,7.875,1.0,0.001
1,1190,1190,train,0.005066034384071827,-3.90625,3.890625,7.8125,0.999755859375,0.001
1,1191,1191,train,0.005804311949759722,-3.90625,3.921875,7.8125,0.999755859375,0.001
1,1192,1192,train,0.004885053262114525,-3.8125,3.921875,7.75,1.0,0.001
1,1193,1193,train,0.004051005467772484,-3.84375,3.953125,7.8125,1.0,0.001
1,1194,1194,train,0.004523484036326408,-3.734375,3.921875,7.65625,0.999755859375,0.001
1,1195,1195,train,0.005148671101778746,-3.65625,3.9375,7.59375,1.0,0.001
1,1196,1196,train,0.005492868833243847,-3.65625,3.9375,7.59375,1.0,0.001
1,1197,1197,train,0.004603816196322441,-3.796875,3.921875,7.71875,0.999755859375,0.001
1,1198,1198,train,0.005468730814754963,-3.796875,3.96875,7.75,0.99951171875,0.001
1,1199,1199,train,0.004672061651945114,-3.890625,3.9375,7.8125,1.0,0.001
1,1200,1200,train,0.004994301125407219,-3.890625,3.953125,7.84375,0.99951171875,0.001
1,1201,1201,train,0.004822331480681896,-3.9375,3.953125,7.875,1.0,0.001
1,1202,1202,train,0.0044293818064033985,-3.96875,3.921875,7.875,1.0,0.001
1,1203,1203,train,0.004208308178931475,-3.84375,3.953125,7.8125,1.0,0.001
1,1204,1204,train,0.0047050705179572105,-3.734375,3.921875,7.65625,1.0,0.001
1,1205,1205,train,0.0040420908480882645,-3.84375,3.921875,7.75,1.0,0.001
1,1206,1206,train,0.0042929016053676605,-3.84375,3.90625,7.75,1.0,0.001
1,1207,1207,train,0.004440192133188248,-3.828125,3.890625,7.71875,1.0,0.001
1,1208,1208,train,0.004575561266392469,-3.8125,3.859375,7.6875,1.0,0.001
1,1209,1209,train,0.005427991971373558,-3.859375,3.875,7.75,0.999755859375,0.001
1,1210,1210,train,0.00517556956037879,-3.890625,3.84375,7.75,0.999755859375,0.001
1,1211,1211,train,0.004642358515411615,-3.78125,3.828125,7.625,1.0,0.001
1,1212,1212,train,0.0053649116307497025,-3.859375,3.828125,7.6875,0.999755859375,0.001
1,1213,1213,train,0.004188036546111107,-3.84375,3.828125,7.6875,1.0,0.001
1,1214,1214,train,0.004370470531284809,-3.875,3.828125,7.6875,1.0,0.001
1,1215,1215,train,0.004865948110818863,-3.796875,3.828125,7.625,0.999755859375,0.001
1,1216,1216,train,0.004319057334214449,-3.828125,3.8125,7.625,1.0,0.001
1,1217,1217,train,0.0051404014229774475,-3.78125,3.796875,7.5625,0.99951171875,0.001
1,1218,1218,train,0.004466957412660122,-3.859375,3.765625,7.625,0.999755859375,0.001
1,1219,1219,train,0.005176771432161331,-3.859375,3.8125,7.6875,1.0,0.001
1,1220,1220,train,0.004195493180304766,-3.953125,3.828125,7.78125,1.0,0.001
1,1221,1221,train,0.004043016582727432,-3.921875,3.796875,7.71875,1.0,0.001
1,1222,1222,train,0.005061083938926458,-3.984375,3.828125,7.8125,0.99951171875,0.001
1,1223,1223,train,0.00444056186825037,-3.9375,3.796875,7.75,1.0,0.001
1,1224,1224,train,0.0049930717796087265,-3.875,3.796875,7.6875,0.999755859375,0.001
1,1225,1225,train,0.004280226305127144,-3.859375,3.796875,7.65625,1.0,0.001
1,1226,1226,train,0.004614133387804031,-3.828125,3.796875,7.625,1.0,0.001
1,1227,1227,train,0.005048252176493406,-3.828125,3.796875,7.625,1.0,0.001
1,1228,1228,train,0.004559374414384365,-3.84375,3.8125,7.65625,1.0,0.001
1,1229,1229,train,0.004265982657670975,-3.78125,3.828125,7.625,1.0,0.001
1,1230,1230,train,0.004050673916935921,-3.875,3.8125,7.6875,1.0,0.001
1,1231,1231,train,0.004732991103082895,-3.875,3.8125,7.6875,0.999755859375,0.001
1,1232,1232,train,0.004832406993955374,-3.828125,3.8125,7.625,0.999755859375,0.001
1,1233,1233,train,0.004601502791047096,-3.796875,3.84375,7.625,0.999755859375,0.001
1,1234,1234,train,0.004395371302962303,-3.796875,3.875,7.6875,1.0,0.001
1,1235,1235,train,0.004790733568370342,-3.796875,3.90625,7.6875,0.999755859375,0.001
1,1236,1236,train,0.004098300822079182,-3.84375,3.921875,7.75,1.0,0.001
1,1237,1237,train,0.004337286110967398,-3.78125,3.90625,7.6875,1.0,0.001
1,1238,1238,train,0.004322863649576902,-3.84375,3.90625,7.75,1.0,0.001
1,1239,1239,train,0.0043724230490624905,-3.78125,3.9375,7.71875,1.0,0.001
1,1240,1240,train,0.004926438909024,-3.8125,3.9375,7.75,1.0,0.001
1,1241,1241,train,0.004040914122015238,-3.875,3.9375,7.8125,1.0,0.001
1,1242,1242,train,0.004525034222751856,-3.859375,3.90625,7.75,0.999755859375,0.001
1,1243,1243,train,0.0046123480424284935,-3.828125,3.90625,7.75,0.999755859375,0.001
1,1244,1244,train,0.004060130100697279,-3.8125,3.859375,7.6875,1.0,0.001
1,1245,1245,train,0.004376943223178387,-3.65625,3.859375,7.5,1.0,0.001
1,1246,1246,train,0.004508814308792353,-3.75,3.84375,7.59375,1.0,0.001
1,1247,1247,train,0.004424586892127991,-3.78125,3.8125,7.59375,1.0,0.001
1,1248,1248,train,0.004257073160260916,-3.828125,3.84375,7.6875,1.0,0.001
1,1249,1249,train,0.004422345664352179,-3.921875,3.84375,7.75,0.999755859375,0.001
1,1250,1250,train,0.004188447259366512,-3.984375,3.828125,7.8125,1.0,0.001
1,1251,1251,train,0.004074651747941971,-3.96875,3.84375,7.8125,1.0,0.001
1,1252,1252,train,0.005272251553833485,-3.921875,3.796875,7.71875,0.999755859375,0.001
1,1253,1253,train,0.003937696106731892,-3.890625,3.796875,7.6875,1.0,0.001
1,1254,1254,train,0.004742618650197983,-3.796875,3.796875,7.59375,1.0,0.001
1,1255,1255,train,0.004718821495771408,-3.671875,3.796875,7.46875,0.999755859375,0.001
1,1256,1256,train,0.004323416389524937,-3.78125,3.765625,7.5625,1.0,0.001
1,1257,1257,train,0.0043639568611979485,-3.75,3.8125,7.5625,0.999755859375,0.001
1,1258,1258,train,0.004332629963755608,-3.828125,3.796875,7.625,0.999755859375,0.001
1,1259,1259,train,0.003977906424552202,-3.796875,3.8125,7.625,1.0,0.001
1,1260,1260,train,0.004094996023923159,-3.796875,3.78125,7.5625,1.0,0.001
1,1261,1261,train,0.005036637652665377,-3.75,3.796875,7.5625,0.999755859375,0.001
1,1262,1262,train,0.004689442925155163,-3.796875,3.8125,7.625,1.0,0.001
1,1263,1263,train,0.004643074236810207,-3.78125,3.8125,7.59375,1.0,0.001
1,1264,1264,train,0.004328006878495216,-3.875,3.875,7.75,1.0,0.001
1,1265,1265,train,0.0046678888611495495,-3.875,3.875,7.75,0.999755859375,0.001
1,1266,1266,train,0.004392145201563835,-3.78125,3.84375,7.625,1.0,0.001
1,1267,1267,train,0.006364959757775068,-3.671875,3.859375,7.53125,1.0,0.001
1,1268,1268,train,0.004022888373583555,-3.796875,3.890625,7.6875,1.0,0.001
1,1269,1269,train,0.004529421217739582,-3.8125,3.875,7.6875,1.0,0.001
1,1270,1270,train,0.004716097377240658,-3.859375,3.890625,7.75,1.0,0.001
1,1271,1271,train,0.004487254656851292,-3.953125,3.921875,7.875,1.0,0.001
1,1272,1272,train,0.005201470572501421,-3.953125,3.890625,7.84375,0.999755859375,0.001
1,1273,1273,train,0.004279204644262791,-3.984375,3.859375,7.84375,1.0,0.001
1,1274,1274,train,0.003997706342488527,-3.890625,3.859375,7.75,1.0,0.001
1,1275,1275,train,0.0041911406442523,-3.859375,3.859375,7.71875,1.0,0.001
1,1276,1276,train,0.004582487046718597,-3.796875,3.796875,7.59375,0.999755859375,0.001
1,1277,1277,train,0.0048371413722634315,-3.765625,3.8125,7.5625,1.0,0.001
1,1278,1278,train,0.005016786977648735,-3.859375,3.8125,7.6875,0.999755859375,0.001
1,1279,1279,train,0.004779750481247902,-4.0,3.8125,7.8125,1.0,0.001
1,1280,1280,train,0.004980501718819141,-4.1875,3.828125,8.0,0.999755859375,0.001
1,1281,1281,train,0.0043128421530127525,-4.3125,3.796875,8.125,1.0,0.001
1,1282,1282,train,0.005267033353447914,-4.3125,3.78125,8.125,0.999755859375,0.001
1,1283,1283,train,0.004189204890280962,-4.1875,3.796875,8.0,1.0,0.001
1,1284,1284,train,0.004237006418406963,-4.0,3.78125,7.78125,1.0,0.001
1,1285,1285,train,0.0049962010234594345,-3.796875,3.75,7.5625,1.0,0.001
1,1286,1286,train,0.0041843983344733715,-3.703125,3.765625,7.46875,1.0,0.001
1,1287,1287,train,0.004688163287937641,-3.6875,3.71875,7.40625,1.0,0.001
1,1288,1288,train,0.004299140069633722,-3.734375,3.734375,7.46875,0.999755859375,0.001
1,1289,1289,train,0.004114444367587566,-3.796875,3.75,7.5625,1.0,0.001
1,1290,1290,train,0.006157826632261276,-3.890625,3.78125,7.6875,0.999267578125,0.001
1,1291,1291,train,0.0042633479461073875,-3.9375,3.765625,7.6875,1.0,0.001
1,1292,1292,train,0.0044930726289749146,-3.984375,3.796875,7.78125,0.999755859375,0.001
1,1293,1293,train,0.004160640761256218,-4.0625,3.78125,7.84375,1.0,0.001
1,1294,1294,train,0.005406918935477734,-3.953125,3.8125,7.75,0.99951171875,0.001
1,1295,1295,train,0.004689869936555624,-3.859375,3.8125,7.6875,1.0,0.001
1,1296,1296,train,0.004334552679210901,-3.828125,3.828125,7.65625,1.0,0.001
1,1297,1297,train,0.00406430009752512,-3.828125,3.84375,7.6875,1.0,0.001
1,1298,1298,train,0.004948240704834461,-3.71875,3.8125,7.53125,0.999755859375,0.001
1,1299,1299,train,0.004180808085948229,-3.75,3.84375,7.59375,1.0,0.001
1,1300,1300,train,0.005642724689096212,-3.8125,3.859375,7.6875,0.999755859375,0.001
1,1301,1301,train,0.004781404044479132,-3.859375,3.875,7.75,1.0,0.001
1,1302,1302,train,0.005105646327137947,-4.03125,3.859375,7.875,0.99951171875,0.001
1,1303,1303,train,0.004500242415815592,-4.09375,3.875,7.96875,0.999755859375,0.001
1,1304,1304,train,0.004535361658781767,-4.09375,3.875,7.96875,1.0,0.001
1,1305,1305,train,0.004324988462030888,-4.03125,3.875,7.90625,1.0,0.001
1,1306,1306,train,0.005211667623370886,-3.859375,3.84375,7.6875,0.999755859375,0.001
1,1307,1307,train,0.00470069982111454,-3.78125,3.8125,7.59375,0.999755859375,0.001
1,1308,1308,train,0.004822865128517151,-3.6875,3.8125,7.5,0.999755859375,0.001
1,1309,1309,train,0.00445873849093914,-3.6875,3.828125,7.5,0.999755859375,0.001
1,1310,1310,train,0.004086691420525312,-3.734375,3.828125,7.5625,1.0,0.001
1,1311,1311,train,0.004002470523118973,-3.75,3.828125,7.5625,1.0,0.001
1,1312,1312,train,0.004737847950309515,-3.671875,3.828125,7.5,0.999755859375,0.001
1,1313,1313,train,0.004109341651201248,-3.828125,3.84375,7.6875,1.0,0.001
1,1314,1314,train,0.0048234653659164906,-3.78125,3.84375,7.625,0.999755859375,0.001
1,1315,1315,train,0.004508164245635271,-3.90625,3.859375,7.75,0.99951171875,0.001
1,1316,1316,train,0.00466434471309185,-3.875,3.875,7.75,1.0,0.001
1,1317,1317,train,0.004363601095974445,-3.921875,3.90625,7.8125,1.0,0.001
1,1318,1318,train,0.00442204624414444,-3.90625,3.921875,7.8125,1.0,0.001
1,1319,1319,train,0.004419338423758745,-3.875,3.921875,7.8125,0.999755859375,0.001
1,1320,1320,train,0.0046466924250125885,-3.765625,3.90625,7.6875,1.0,0.001
1,1321,1321,train,0.003901346353814006,-3.765625,3.921875,7.6875,1.0,0.001
1,1322,1322,train,0.005384144373238087,-3.6875,3.890625,7.5625,1.0,0.001
1,1323,1323,train,0.004993266426026821,-3.703125,3.90625,7.625,1.0,0.001
1,1324,1324,train,0.004733732435852289,-3.890625,3.890625,7.78125,1.0,0.001
1,1325,1325,train,0.004112667869776487,-4.0,3.890625,7.875,1.0,0.001
1,1326,1326,train,0.004200180526822805,-3.984375,3.890625,7.875,1.0,0.001
1,1327,1327,train,0.004664268344640732,-3.90625,3.875,7.78125,1.0,0.001
1,1328,1328,train,0.004278779495507479,-3.90625,3.875,7.78125,1.0,0.001
1,1329,1329,train,0.004152627661824226,-3.875,3.859375,7.75,1.0,0.001
1,1330,1330,train,0.00432120356708765,-3.765625,3.828125,7.59375,1.0,0.001
1,1331,1331,train,0.004137527197599411,-3.703125,3.8125,7.5,1.0,0.001
1,1332,1332,train,0.004909944254904985,-3.703125,3.8125,7.5,0.999755859375,0.001
1,1333,1333,train,0.004339608363807201,-3.625,3.828125,7.4375,1.0,0.001
1,1334,1334,train,0.0049323150888085365,-3.734375,3.78125,7.5,1.0,0.001
1,1335,1335,train,0.004428604617714882,-3.828125,3.84375,7.6875,0.999755859375,0.001
1,1336,1336,train,0.004310016054660082,-3.875,3.859375,7.75,0.999755859375,0.001
1,1337,1337,train,0.004169177729636431,-3.921875,3.875,7.8125,1.0,0.001
1,1338,1338,train,0.004258203785866499,-3.859375,3.890625,7.75,1.0,0.001
1,1339,1339,train,0.004174345172941685,-3.921875,3.875,7.8125,1.0,0.001
1,1340,1340,train,0.0050286417827010155,-3.828125,3.859375,7.6875,0.999755859375,0.001
1,1341,1341,train,0.0045951660722494125,-3.8125,3.890625,7.6875,1.0,0.001
1,1342,1342,train,0.004497868474572897,-3.8125,3.859375,7.6875,1.0,0.001
1,1343,1343,train,0.003922894597053528,-3.796875,3.859375,7.65625,1.0,0.001
1,1344,1344,train,0.004474761430174112,-3.703125,3.828125,7.53125,1.0,0.001
1,1345,1345,train,0.0061352066695690155,-3.640625,3.828125,7.46875,0.99951171875,0.001
1,1346,1346,train,0.0040086982771754265,-3.734375,3.859375,7.59375,1.0,0.001
1,1347,1347,train,0.00484707485884428,-3.75,3.84375,7.59375,1.0,0.001
1,1348,1348,train,0.004407164175063372,-3.90625,3.84375,7.75,1.0,0.001
1,1349,1349,train,0.004270009230822325,-4.03125,3.828125,7.875,0.999755859375,0.001
1,1350,1350,train,0.004346012603491545,-4.0,3.859375,7.875,1.0,0.001
1,1351,1351,train,0.0040653422474861145,-4.03125,3.828125,7.875,1.0,0.001
1,1352,1352,train,0.00510020274668932,-3.921875,3.8125,7.75,1.0,0.001
1,1353,1353,train,0.004125670064240694,-3.84375,3.8125,7.65625,1.0,0.001
1,1354,1354,train,0.004752984270453453,-3.71875,3.75,7.46875,1.0,0.001
1,1355,1355,train,0.005009094253182411,-3.71875,3.734375,7.4375,0.999755859375,0.001
1,1356,1356,train,0.004045300185680389,-3.8125,3.75,7.5625,1.0,0.001
1,1357,1357,train,0.004222653806209564,-3.84375,3.765625,7.625,1.0,0.001
1,1358,1358,train,0.003927496261894703,-3.953125,3.78125,7.75,1.0,0.001
1,1359,1359,train,0.00469178706407547,-3.96875,3.78125,7.75,1.0,0.001
1,1360,1360,train,0.004585454240441322,-3.96875,3.78125,7.75,0.999755859375,0.001
1,1361,1361,train,0.003934417385607958,-4.0,3.8125,7.8125,1.0,0.001
1,1362,1362,train,0.004057473503053188,-3.90625,3.796875,7.6875,1.0,0.001
1,1363,1363,train,0.004764316603541374,-3.828125,3.796875,7.625,1.0,0.001
1,1364,1364,train,0.005025302059948444,-3.765625,3.78125,7.5625,0.999755859375,0.001
1,1365,1365,train,0.00454483088105917,-3.75,3.765625,7.5,1.0,0.001
1,1366,1366,train,0.004083589650690556,-3.8125,3.796875,7.625,1.0,0.001
1,1367,1367,train,0.004251738078892231,-3.71875,3.796875,7.5,1.0,0.001
1,1368,1368,train,0.004447732586413622,-3.765625,3.84375,7.625,1.0,0.001
1,1369,1369,train,0.004382454324513674,-3.828125,3.875,7.6875,1.0,0.001
1,1370,1370,train,0.004381638485938311,-3.84375,3.875,7.71875,1.0,0.001
1,1371,1371,train,0.005643418058753014,-3.84375,3.875,7.71875,0.999755859375,0.001
1,1372,1372,train,0.004080095328390598,-3.921875,3.90625,7.8125,1.0,0.001
1,1373,1373,train,0.005915521178394556,-3.90625,3.890625,7.8125,0.99951171875,0.001
1,1374,1374,train,0.004310111980885267,-3.796875,3.890625,7.6875,1.0,0.001
1,1375,1375,train,0.004886484704911709,-3.671875,3.890625,7.5625,0.999755859375,0.001
1,1376,1376,train,0.004300430417060852,-3.640625,3.875,7.5,1.0,0.001
1,1377,1377,train,0.004415108822286129,-3.609375,3.875,7.5,1.0,0.001
1,1378,1378,train,0.004434337839484215,-3.6875,3.875,7.5625,1.0,0.001
1,1379,1379,train,0.004053646698594093,-3.796875,3.921875,7.71875,1.0,0.001
1,1380,1380,train,0.0041311392560601234,-3.984375,3.890625,7.875,1.0,0.001
1,1381,1381,train,0.0040994370356202126,-4.0,3.875,7.875,1.0,0.001
1,1382,1382,train,0.00416874373331666,-4.03125,3.859375,7.875,1.0,0.001
1,1383,1383,train,0.004511604085564613,-3.90625,3.859375,7.75,1.0,0.001
1,1384,1384,train,0.003976812586188316,-3.90625,3.828125,7.75,1.0,0.001
1,1385,1385,train,0.003965988755226135,-3.84375,3.8125,7.65625,1.0,0.001
1,1386,1386,train,0.004136255942285061,-3.75,3.78125,7.53125,1.0,0.001
1,1387,1387,train,0.004999381490051746,-3.71875,3.765625,7.5,0.999755859375,0.001
1,1388,1388,train,0.0042643374763429165,-3.765625,3.75,7.5,1.0,0.001
1,1389,1389,train,0.004409756511449814,-3.90625,3.765625,7.6875,0.999755859375,0.001
1,1390,1390,train,0.005231544375419617,-4.03125,3.75,7.78125,0.999755859375,0.001
1,1391,1391,train,0.004628659226000309,-4.0,3.75,7.75,1.0,0.001
1,1392,1392,train,0.004399956203997135,-4.125,3.765625,7.875,1.0,0.001
1,1393,1393,train,0.004520402289927006,-4.03125,3.765625,7.8125,1.0,0.001
1,1394,1394,train,0.003972753882408142,-3.96875,3.734375,7.6875,1.0,0.001
1,1395,1395,train,0.003915887791663408,-3.859375,3.734375,7.59375,1.0,0.001
1,1396,1396,train,0.004256127402186394,-3.734375,3.71875,7.4375,1.0,0.001
1,1397,1397,train,0.00541647057980299,-3.671875,3.6875,7.375,0.999755859375,0.001
1,1398,1398,train,0.004459852818399668,-3.734375,3.71875,7.4375,0.999755859375,0.001
1,1399,1399,train,0.004156791139394045,-3.8125,3.734375,7.5625,1.0,0.001
1,1400,1400,train,0.0062706186436116695,-3.8125,3.75,7.5625,0.999755859375,0.001
1,1401,1401,train,0.004113557282835245,-3.921875,3.78125,7.6875,1.0,0.001
1,1402,1402,train,0.0045975446701049805,-3.9375,3.78125,7.71875,1.0,0.001
1,1403,1403,train,0.004307661671191454,-3.96875,3.8125,7.78125,1.0,0.001
1,1404,1404,train,0.0042460011318326,-3.953125,3.828125,7.78125,1.0,0.001
1,1405,1405,train,0.00391593761742115,-3.90625,3.875,7.78125,1.0,0.001
1,1406,1406,train,0.004785347729921341,-3.828125,3.875,7.6875,0.999755859375,0.001
1,1407,1407,train,0.00609536562114954,-3.734375,3.875,7.625,0.99951171875,0.001
1,1408,1408,train,0.004089748952537775,-3.703125,3.875,7.5625,1.0,0.001
1,1409,1409,train,0.004152973648160696,-3.578125,3.859375,7.4375,1.0,0.001
1,1410,1410,train,0.004271863494068384,-3.59375,3.890625,7.5,1.0,0.001
1,1411,1411,train,0.004255691077560186,-3.609375,3.890625,7.5,1.0,0.001
1,1412,1412,train,0.004604687914252281,-3.71875,3.90625,7.625,1.0,0.001
1,1413,1413,train,0.0042191981337964535,-3.828125,3.90625,7.75,1.0,0.001
1,1414,1414,train,0.004190774168819189,-3.921875,3.921875,7.84375,1.0,0.001
1,1415,1415,train,0.003951755817979574,-3.890625,3.9375,7.8125,1.0,0.001
1,1416,1416,train,0.004355159588158131,-3.8125,3.9375,7.75,1.0,0.001
1,1417,1417,train,0.004331700503826141,-3.8125,3.921875,7.75,0.99951171875,0.001
1,1418,1418,train,0.005236795172095299,-3.703125,3.875,7.5625,1.0,0.001
1,1419,1419,train,0.0042812637984752655,-3.734375,3.875,7.625,0.999755859375,0.001
1,1420,1420,train,0.004736561328172684,-3.671875,3.859375,7.53125,0.999755859375,0.001
1,1421,1421,train,0.004864280112087727,-3.65625,3.84375,7.5,1.0,0.001
1,1422,1422,train,0.004576248582452536,-3.828125,3.875,7.6875,1.0,0.001
1,1423,1423,train,0.004392930306494236,-3.90625,3.890625,7.8125,1.0,0.001
1,1424,1424,train,0.004188230726867914,-4.09375,3.90625,8.0,1.0,0.001
1,1425,1425,train,0.004252239130437374,-4.0625,3.890625,7.9375,1.0,0.001
1,1426,1426,train,0.0043167369440197945,-4.09375,3.84375,7.9375,1.0,0.001
1,1427,1427,train,0.004287612158805132,-4.0,3.8125,7.8125,1.0,0.001
1,1428,1428,train,0.004484985955059528,-3.875,3.8125,7.6875,0.999755859375,0.001
1,1429,1429,train,0.004227994009852409,-3.796875,3.796875,7.59375,1.0,0.001
1,1430,1430,train,0.004143605940043926,-3.796875,3.765625,7.5625,1.0,0.001
1,1431,1431,train,0.004163737408816814,-3.734375,3.75,7.5,1.0,0.001
1,1432,1432,train,0.0040050167590379715,-3.78125,3.765625,7.5625,1.0,0.001
1,1433,1433,train,0.004245114978402853,-3.765625,3.78125,7.5625,1.0,0.001
1,1434,1434,train,0.004200209863483906,-3.859375,3.75,7.625,1.0,0.001
1,1435,1435,train,0.004076145589351654,-3.859375,3.78125,7.625,1.0,0.001
1,1436,1436,train,0.004503303207457066,-3.953125,3.796875,7.75,1.0,0.001
1,1437,1437,train,0.004189668223261833,-3.96875,3.78125,7.75,1.0,0.001
1,1438,1438,train,0.004629924893379211,-3.953125,3.796875,7.75,1.0,0.001
1,1439,1439,train,0.004271809011697769,-3.90625,3.78125,7.6875,1.0,0.001
1,1440,1440,train,0.004225090146064758,-3.890625,3.796875,7.6875,1.0,0.001
1,1441,1441,train,0.004160700365900993,-3.84375,3.8125,7.65625,1.0,0.001
1,1442,1442,train,0.00400402769446373,-3.765625,3.796875,7.5625,1.0,0.001
1,1443,1443,train,0.0042480649426579475,-3.734375,3.78125,7.5,0.999755859375,0.001
1,1444,1444,train,0.004965475294739008,-3.6875,3.796875,7.5,0.999755859375,0.001
1,1445,1445,train,0.003986986353993416,-3.78125,3.8125,7.59375,1.0,0.001
1,1446,1446,train,0.003967052325606346,-3.734375,3.828125,7.5625,1.0,0.001
1,1447,1447,train,0.0041073160246014595,-3.765625,3.84375,7.625,1.0,0.001
1,1448,1448,train,0.004325813613831997,-3.828125,3.84375,7.6875,0.999755859375,0.001
1,1449,1449,train,0.004313861019909382,-3.859375,3.875,7.75,1.0,0.001
1,1450,1450,train,0.004112818278372288,-3.84375,3.859375,7.6875,1.0,0.001
1,1451,1451,train,0.0043412866070866585,-3.890625,3.875,7.75,1.0,0.001
1,1452,1452,train,0.004064219072461128,-3.921875,3.859375,7.78125,1.0,0.001
1,1453,1453,train,0.004345996771007776,-3.875,3.84375,7.71875,1.0,0.001
1,1454,1454,train,0.004034493584185839,-3.859375,3.859375,7.71875,1.0,0.001
1,1455,1455,train,0.00405243132263422,-3.71875,3.84375,7.5625,1.0,0.001
1,1456,1456,train,0.004272968042641878,-3.71875,3.8125,7.53125,1.0,0.001
1,1457,1457,train,0.004063169471919537,-3.71875,3.8125,7.53125,1.0,0.001
1,1458,1458,train,0.0041015176102519035,-3.71875,3.796875,7.5,1.0,0.001
1,1459,1459,train,0.004929752089083195,-3.78125,3.796875,7.5625,0.999755859375,0.001
1,1460,1460,train,0.004319126717746258,-3.875,3.8125,7.6875,1.0,0.001
1,1461,1461,train,0.004285331349819899,-4.0,3.8125,7.8125,1.0,0.001
1,1462,1462,train,0.003955424763262272,-4.0,3.828125,7.8125,1.0,0.001
1,1463,1463,train,0.004212706349790096,-4.0,3.78125,7.78125,1.0,0.001
1,1464,1464,train,0.004772614687681198,-3.90625,3.78125,7.6875,0.999755859375,0.001
1,1465,1465,train,0.003930140286684036,-3.8125,3.765625,7.5625,1.0,0.001
1,1466,1466,train,0.004124132916331291,-3.75,3.734375,7.5,0.999755859375,0.001
1,1467,1467,train,0.005180723033845425,-3.546875,3.734375,7.28125,0.999755859375,0.001
1,1468,1468,train,0.0052042435854673386,-3.546875,3.703125,7.25,1.0,0.001
1,1469,1469,train,0.004514328204095364,-3.6875,3.6875,7.375,1.0,0.001
1,1470,1470,train,0.004236648790538311,-3.796875,3.765625,7.5625,1.0,0.001
1,1471,1471,train,0.003881752025336027,-3.953125,3.8125,7.75,1.0,0.001
1,1472,1472,train,0.004216436762362719,-3.953125,3.8125,7.75,1.0,0.001
1,1473,1473,train,0.004205270670354366,-4.03125,3.828125,7.875,1.0,0.001
1,1474,1474,train,0.004136817529797554,-4.03125,3.796875,7.8125,1.0,0.001
1,1475,1475,train,0.004281782545149326,-3.9375,3.828125,7.75,1.0,0.001
1,1476,1476,train,0.004066155292093754,-3.890625,3.8125,7.6875,1.0,0.001
1,1477,1477,train,0.004232440609484911,-3.828125,3.796875,7.625,1.0,0.001
1,1478,1478,train,0.003750348463654518,-3.84375,3.8125,7.65625,1.0,0.001
1,1479,1479,train,0.004655206575989723,-3.734375,3.78125,7.5,1.0,0.001
1,1480,1480,train,0.004667321220040321,-3.6875,3.78125,7.46875,1.0,0.001
1,1481,1481,train,0.004326971713453531,-3.734375,3.796875,7.53125,1.0,0.001
1,1482,1482,train,0.004077201709151268,-3.828125,3.8125,7.625,1.0,0.001
1,1483,1483,train,0.004049497656524181,-3.921875,3.796875,7.71875,1.0,0.001
1,1484,1484,train,0.004439377225935459,-3.875,3.828125,7.6875,1.0,0.001
1,1485,1485,train,0.004402965772897005,-3.9375,3.78125,7.71875,1.0,0.001
1,1486,1486,train,0.004336153157055378,-3.859375,3.828125,7.6875,1.0,0.001
1,1487,1487,train,0.003997794818133116,-3.90625,3.828125,7.75,1.0,0.001
1,1488,1488,train,0.004286856856197119,-3.84375,3.84375,7.6875,1.0,0.001
1,1489,1489,train,0.00440730806440115,-3.859375,3.8125,7.6875,1.0,0.001
1,1490,1490,train,0.0042790696024894714,-3.875,3.78125,7.65625,1.0,0.001
1,1491,1491,train,0.004378810059279203,-3.78125,3.796875,7.5625,0.999755859375,0.001
1,1492,1492,train,0.00569956423714757,-3.734375,3.8125,7.5625,0.999755859375,0.001
1,1493,1493,train,0.004791637416929007,-3.6875,3.796875,7.5,0.999755859375,0.001
1,1494,1494,train,0.004167561419308186,-3.703125,3.8125,7.5,1.0,0.001
1,1495,1495,train,0.004129041917622089,-3.6875,3.84375,7.53125,1.0,0.001
1,1496,1496,train,0.0044115642085671425,-3.734375,3.84375,7.5625,1.0,0.001
1,1497,1497,train,0.004283331334590912,-3.734375,3.875,7.625,0.999755859375,0.001
1,1498,1498,train,0.004053876735270023,-3.765625,3.875,7.625,1.0,0.001
1,1499,1499,train,0.00449626799672842,-3.765625,3.890625,7.65625,0.999755859375,0.001
1,1500,1500,train,0.004523862153291702,-3.765625,3.90625,7.6875,0.99951171875,0.001
1,1501,1501,train,0.004157306160777807,-3.734375,3.890625,7.625,1.0,0.001
1,1502,1502,train,0.004319803789258003,-3.625,3.890625,7.5,1.0,0.001
1,1503,1503,train,0.004147564526647329,-3.671875,3.90625,7.5625,1.0,0.001
1,1504,1504,train,0.0046004243195056915,-3.640625,3.875,7.5,1.0,0.001
1,1505,1505,train,0.0049085053615272045,-3.6875,3.90625,7.59375,1.0,0.001
1,1506,1506,train,0.004353745840489864,-3.828125,3.890625,7.71875,1.0,0.001
1,1507,1507,train,0.0040169935673475266,-3.9375,3.921875,7.875,1.0,0.001
1,1508,1508,train,0.0040582213550806046,-4.03125,3.90625,7.9375,1.0,0.001
1,1509,1509,train,0.005622921511530876,-3.96875,3.859375,7.8125,1.0,0.001
1,1510,1510,train,0.004396824166178703,-3.9375,3.84375,7.78125,1.0,0.001
1,1511,1511,train,0.0039413622580468655,-3.875,3.8125,7.6875,1.0,0.001
1,1512,1512,train,0.004131526220589876,-3.78125,3.796875,7.5625,1.0,0.001
1,1513,1513,train,0.00395467272028327,-3.734375,3.765625,7.5,1.0,0.001
1,1514,1514,train,0.003970155492424965,-3.734375,3.734375,7.46875,1.0,0.001
1,1515,1515,train,0.004065535496920347,-3.703125,3.734375,7.4375,1.0,0.001
1,1516,1516,train,0.004410019610077143,-3.6875,3.734375,7.4375,1.0,0.001
1,1517,1517,train,0.004154538735747337,-3.796875,3.75,7.5625,1.0,0.001
1,1518,1518,train,0.004094166215509176,-3.90625,3.765625,7.6875,1.0,0.001
1,1519,1519,train,0.004724689293652773,-3.921875,3.78125,7.6875,1.0,0.001
1,1520,1520,train,0.004508734680712223,-4.03125,3.8125,7.84375,1.0,0.001
1,1521,1521,train,0.004751366563141346,-4.125,3.828125,7.9375,0.99951171875,0.001
1,1522,1522,train,0.004310484975576401,-4.09375,3.796875,7.875,1.0,0.001
1,1523,1523,train,0.004191703628748655,-4.0,3.8125,7.8125,1.0,0.001
1,1524,1524,train,0.004251367878168821,-3.859375,3.78125,7.625,1.0,0.001
1,1525,1525,train,0.003994804807007313,-3.765625,3.796875,7.5625,1.0,0.001
1,1526,1526,train,0.0045867362059652805,-3.625,3.765625,7.375,1.0,0.001
1,1527,1527,train,0.004214998334646225,-3.609375,3.765625,7.375,1.0,0.001
1,1528,1528,train,0.003962884657084942,-3.71875,3.8125,7.53125,1.0,0.001
1,1529,1529,train,0.0043964264914393425,-3.78125,3.828125,7.625,1.0,0.001
1,1530,1530,train,0.004215016961097717,-3.765625,3.84375,7.625,1.0,0.001
1,1531,1531,train,0.004192886874079704,-3.9375,3.84375,7.78125,1.0,0.001
1,1532,1532,train,0.004179676994681358,-4.0,3.859375,7.875,1.0,0.001
1,1533,1533,train,0.004403483588248491,-3.953125,3.84375,7.8125,1.0,0.001
1,1534,1534,train,0.004110071342438459,-3.890625,3.828125,7.71875,1.0,0.001
1,1535,1535,train,0.004836993291974068,-3.78125,3.828125,7.625,0.99951171875,0.001
1,1536,1536,train,0.004533656872808933,-3.71875,3.796875,7.5,1.0,0.001
1,1537,1537,train,0.0041992091573774815,-3.6875,3.78125,7.46875,1.0,0.001
1,1538,1538,train,0.004771837964653969,-3.6875,3.78125,7.46875,0.999755859375,0.001
1,1539,1539,train,0.0044284602627158165,-3.78125,3.8125,7.59375,1.0,0.001
1,1540,1540,train,0.004204533062875271,-3.953125,3.8125,7.75,1.0,0.001
1,1541,1541,train,0.004909713286906481,-3.921875,3.78125,7.6875,0.999755859375,0.001
1,1542,1542,train,0.004051175434142351,-3.890625,3.8125,7.6875,1.0,0.001
1,1543,1543,train,0.004204683471471071,-3.765625,3.796875,7.5625,1.0,0.001
1,1544,1544,train,0.004669789224863052,-3.671875,3.8125,7.5,1.0,0.001
1,1545,1545,train,0.004743556492030621,-3.71875,3.796875,7.5,1.0,0.001
1,1546,1546,train,0.004243501462042332,-3.75,3.828125,7.5625,1.0,0.001
1,1547,1547,train,0.003933429252356291,-3.84375,3.828125,7.6875,1.0,0.001
1,1548,1548,train,0.005113855469971895,-3.859375,3.828125,7.6875,0.999755859375,0.001
1,1549,1549,train,0.004026696085929871,-3.890625,3.84375,7.75,1.0,0.001
1,1550,1550,train,0.004248482640832663,-3.84375,3.859375,7.6875,1.0,0.001
1,1551,1551,train,0.004986113868653774,-3.765625,3.8125,7.5625,1.0,0.001
1,1552,1552,train,0.004357889760285616,-3.8125,3.828125,7.625,0.999755859375,0.001
1,1553,1553,train,0.005340644158422947,-3.796875,3.8125,7.625,0.99951171875,0.001
1,1554,1554,train,0.003920029848814011,-3.8125,3.8125,7.625,1.0,0.001
1,1555,1555,train,0.0043701110407710075,-3.796875,3.796875,7.59375,1.0,0.001
1,1556,1556,train,0.0045870281755924225,-3.828125,3.78125,7.625,1.0,0.001
1,1557,1557,train,0.004010791890323162,-3.890625,3.78125,7.6875,1.0,0.001
1,1558,1558,train,0.00436063576489687,-3.890625,3.796875,7.6875,1.0,0.001
1,1559,1559,train,0.004429272376000881,-3.890625,3.78125,7.6875,1.0,0.001
1,1560,1560,train,0.004347068723291159,-3.921875,3.78125,7.6875,1.0,0.001
1,1561,1561,train,0.004461474716663361,-3.828125,3.78125,7.625,1.0,0.001
1,1562,1562,train,0.004156595561653376,-3.90625,3.78125,7.6875,1.0,0.001
1,1563,1563,train,0.004029701463878155,-4.0,3.78125,7.78125,1.0,0.001
1,1564,1564,train,0.0040408712811768055,-3.9375,3.78125,7.71875,1.0,0.001
1,1565,1565,train,0.004638034850358963,-3.84375,3.796875,7.625,1.0,0.001
1,1566,1566,train,0.005015436094254255,-3.734375,3.796875,7.53125,0.999755859375,0.001
1,1567,1567,train,0.004622327629476786,-3.75,3.78125,7.53125,1.0,0.001
1,1568,1568,train,0.004371406976133585,-3.796875,3.78125,7.5625,1.0,0.001
1,1569,1569,train,0.005821751430630684,-3.875,3.8125,7.6875,0.99951171875,0.001
1,1570,1570,train,0.00465978542342782,-3.921875,3.84375,7.75,0.999755859375,0.001
1,1571,1571,train,0.0046576703898608685,-3.890625,3.859375,7.75,1.0,0.001
1,1572,1572,train,0.004052754957228899,-3.953125,3.875,7.8125,1.0,0.001
1,1573,1573,train,0.004810384474694729,-3.921875,3.828125,7.75,0.999755859375,0.001
1,1574,1574,train,0.004559066146612167,-3.890625,3.890625,7.78125,1.0,0.001
1,1575,1575,train,0.004380085971206427,-3.859375,3.859375,7.71875,1.0,0.001
1,1576,1576,train,0.004240595735609531,-3.890625,3.859375,7.75,1.0,0.001
1,1577,1577,train,0.004402888938784599,-3.90625,3.875,7.78125,1.0,0.001
1,1578,1578,train,0.004243666771799326,-3.96875,3.828125,7.8125,1.0,0.001
1,1579,1579,train,0.004303249064832926,-3.921875,3.828125,7.75,1.0,0.001
1,1580,1580,train,0.004547306336462498,-3.84375,3.8125,7.65625,1.0,0.001
1,1581,1581,train,0.0047158305533230305,-3.78125,3.796875,7.5625,0.999755859375,0.001
1,1582,1582,train,0.004136507399380207,-3.75,3.8125,7.5625,1.0,0.001
1,1583,1583,train,0.0040369220077991486,-3.8125,3.8125,7.625,1.0,0.001
1,1584,1584,train,0.004325546324253082,-3.75,3.84375,7.59375,1.0,0.001
1,1585,1585,train,0.004388202913105488,-3.78125,3.828125,7.625,1.0,0.001
1,1586,1586,train,0.0042864494025707245,-3.8125,3.84375,7.65625,0.999755859375,0.001
1,1587,1587,train,0.004024154506623745,-3.8125,3.859375,7.6875,1.0,0.001
1,1588,1588,train,0.0044066691771149635,-3.765625,3.859375,7.625,1.0,0.001
1,1589,1589,train,0.004297445062547922,-3.8125,3.875,7.6875,1.0,0.001
1,1590,1590,train,0.0044891247525811195,-3.859375,3.859375,7.71875,0.999755859375,0.001
1,1591,1591,train,0.004206580109894276,-3.921875,3.84375,7.75,1.0,0.001
1,1592,1592,train,0.004664387553930283,-3.96875,3.859375,7.8125,1.0,0.001
1,1593,1593,train,0.004504748620092869,-3.96875,3.84375,7.8125,0.999755859375,0.001
1,1594,1594,train,0.004491213243454695,-3.890625,3.796875,7.6875,1.0,0.001
1,1595,1595,train,0.004077134653925896,-3.921875,3.765625,7.6875,1.0,0.001
1,1596,1596,train,0.004287143237888813,-3.875,3.75,7.625,1.0,0.001
1,1597,1597,train,0.004631977993994951,-3.828125,3.703125,7.53125,0.999755859375,0.001
1,1598,1598,train,0.0041126287542283535,-3.78125,3.6875,7.46875,1.0,0.001
1,1599,1599,train,0.0040527950040996075,-3.71875,3.6875,7.40625,1.0,0.001
1,1600,1600,train,0.004534746520221233,-3.6875,3.6875,7.375,1.0,0.001
1,1601,1601,train,0.0038904950488358736,-3.78125,3.734375,7.5,1.0,0.001
1,1602,1602,train,0.004311281256377697,-3.8125,3.765625,7.5625,1.0,0.001
1,1603,1603,train,0.004010698292404413,-3.90625,3.78125,7.6875,1.0,0.001
1,1604,1604,train,0.004187306854873896,-3.890625,3.8125,7.6875,1.0,0.001
1,1605,1605,train,0.004173644818365574,-3.859375,3.8125,7.6875,1.0,0.001
1,1606,1606,train,0.004593100398778915,-3.859375,3.828125,7.6875,1.0,0.001
1,1607,1607,train,0.004062795080244541,-3.765625,3.84375,7.625,1.0,0.001
1,1608,1608,train,0.004217245616018772,-3.78125,3.859375,7.625,1.0,0.001
1,1609,1609,train,0.0055623226799070835,-3.734375,3.859375,7.59375,0.999755859375,0.001
1,1610,1610,train,0.004195496905595064,-3.796875,3.859375,7.65625,1.0,0.001
1,1611,1611,train,0.005029839463531971,-3.796875,3.875,7.6875,0.999755859375,0.001
1,1612,1612,train,0.0039571477100253105,-3.8125,3.890625,7.6875,1.0,0.001
1,1613,1613,train,0.0046409801580011845,-3.78125,3.859375,7.625,1.0,0.001
1,1614,1614,train,0.00438013207167387,-3.8125,3.859375,7.6875,1.0,0.001
1,1615,1615,train,0.004263477399945259,-3.84375,3.859375,7.6875,1.0,0.001
1,1616,1616,train,0.005182262975722551,-3.8125,3.859375,7.6875,0.999755859375,0.001
1,1617,1617,train,0.00403645820915699,-3.8125,3.859375,7.6875,1.0,0.001
1,1618,1618,train,0.0049589830450713634,-3.8125,3.828125,7.625,0.999755859375,0.001
1,1619,1619,train,0.00396332424134016,-3.75,3.84375,7.59375,1.0,0.001
1,1620,1620,train,0.005425156094133854,-3.734375,3.828125,7.5625,0.999755859375,0.001
1,1621,1621,train,0.0040067462250590324,-3.703125,3.8125,7.5,1.0,0.001
1,1622,1622,train,0.004182051867246628,-3.6875,3.828125,7.5,1.0,0.001
1,1623,1623,train,0.004515058360993862,-3.78125,3.796875,7.5625,1.0,0.001
1,1624,1624,train,0.004006152972579002,-3.875,3.84375,7.71875,1.0,0.001
1,1625,1625,train,0.004012264311313629,-3.96875,3.84375,7.8125,1.0,0.001
1,1626,1626,train,0.003973011393100023,-3.90625,3.828125,7.75,1.0,0.001
1,1627,1627,train,0.004501868039369583,-3.875,3.8125,7.6875,1.0,0.001
1,1628,1628,train,0.004730237182229757,-3.75,3.78125,7.53125,0.99951171875,0.001
1,1629,1629,train,0.004041776992380619,-3.765625,3.796875,7.5625,1.0,0.001
1,1630,1630,train,0.0040602535009384155,-3.734375,3.796875,7.53125,1.0,0.001
1,1631,1631,train,0.003928026184439659,-3.75,3.8125,7.5625,1.0,0.001
1,1632,1632,train,0.0037940614856779575,-3.78125,3.8125,7.59375,1.0,0.001
1,1633,1633,train,0.0045748744159936905,-3.703125,3.796875,7.5,1.0,0.001
1,1634,1634,train,0.004438453353941441,-3.8125,3.78125,7.59375,1.0,0.001
1,1635,1635,train,0.004825421143323183,-3.828125,3.8125,7.625,1.0,0.001
1,1636,1636,train,0.0038286803755909204,-4.03125,3.84375,7.875,1.0,0.001
1,1637,1637,train,0.00428495230153203,-3.96875,3.828125,7.8125,1.0,0.001
1,1638,1638,train,0.003947375807911158,-3.9375,3.8125,7.75,1.0,0.001
1,1639,1639,train,0.004258183762431145,-3.796875,3.796875,7.59375,1.0,0.001
1,1640,1640,train,0.004503090865910053,-3.75,3.78125,7.53125,1.0,0.001
1,1641,1641,train,0.004426927771419287,-3.6875,3.796875,7.5,1.0,0.001
1,1642,1642,train,0.004040721338242292,-3.75,3.765625,7.5,1.0,0.001
1,1643,1643,train,0.004030614160001278,-3.796875,3.796875,7.59375,1.0,0.001
1,1644,1644,train,0.0043838853016495705,-3.796875,3.796875,7.59375,1.0,0.001
1,1645,1645,train,0.0038801892660558224,-3.875,3.796875,7.6875,1.0,0.001
1,1646,1646,train,0.003948102705180645,-3.859375,3.796875,7.65625,1.0,0.001
1,1647,1647,train,0.004259305074810982,-3.828125,3.796875,7.625,1.0,0.001
1,1648,1648,train,0.004024737048894167,-3.8125,3.796875,7.625,1.0,0.001
1,1649,1649,train,0.004049965180456638,-3.71875,3.796875,7.5,1.0,0.001
1,1650,1650,train,0.003957506734877825,-3.703125,3.78125,7.5,1.0,0.001
1,1651,1651,train,0.0044067720882594585,-3.703125,3.78125,7.5,1.0,0.001
1,1652,1652,train,0.004142008721828461,-3.734375,3.78125,7.5,1.0,0.001
1,1653,1653,train,0.004009939730167389,-3.796875,3.828125,7.625,1.0,0.001
1,1654,1654,train,0.00413897167891264,-3.90625,3.8125,7.71875,0.999755859375,0.001
1,1655,1655,train,0.004198214504867792,-3.84375,3.828125,7.6875,1.0,0.001
1,1656,1656,train,0.0048567866906523705,-3.859375,3.828125,7.6875,0.999755859375,0.001
1,1657,1657,train,0.003872954286634922,-3.859375,3.859375,7.71875,1.0,0.001
1,1658,1658,train,0.003966227173805237,-3.859375,3.8125,7.6875,1.0,0.001
1,1659,1659,train,0.004426994360983372,-3.765625,3.8125,7.5625,1.0,0.001
1,1660,1660,train,0.004389234818518162,-3.75,3.796875,7.5625,1.0,0.001
1,1661,1661,train,0.0036956937983632088,-3.890625,3.796875,7.6875,1.0,0.001
1,1662,1662,train,0.004113982897251844,-3.84375,3.78125,7.625,1.0,0.001
1,1663,1663,train,0.005606017075479031,-3.75,3.78125,7.53125,0.999755859375,0.001
1,1664,1664,train,0.004261507652699947,-3.828125,3.765625,7.59375,1.0,0.001
1,1665,1665,train,0.003981203772127628,-3.90625,3.796875,7.6875,1.0,0.001
1,1666,1666,train,0.004323751665651798,-3.90625,3.78125,7.6875,1.0,0.001
1,1667,1667,train,0.004205272998660803,-3.921875,3.8125,7.75,1.0,0.001
1,1668,1668,train,0.004075837321579456,-3.90625,3.8125,7.71875,1.0,0.001
1,1669,1669,train,0.004082376603037119,-3.859375,3.796875,7.65625,1.0,0.001
1,1670,1670,train,0.004303724970668554,-3.78125,3.78125,7.5625,1.0,0.001
1,1671,1671,train,0.004750435706228018,-3.6875,3.78125,7.46875,1.0,0.001
1,1672,1672,train,0.003981153480708599,-3.75,3.796875,7.5625,1.0,0.001
1,1673,1673,train,0.004094632808119059,-3.75,3.8125,7.5625,1.0,0.001
1,1674,1674,train,0.004269607365131378,-3.78125,3.78125,7.5625,1.0,0.001
1,1675,1675,train,0.003992748912423849,-3.765625,3.828125,7.59375,1.0,0.001
1,1676,1676,train,0.004454633221030235,-3.78125,3.828125,7.625,0.999755859375,0.001
1,1677,1677,train,0.004111443180590868,-3.796875,3.828125,7.625,1.0,0.001
1,1678,1678,train,0.004876364953815937,-3.890625,3.84375,7.75,1.0,0.001
1,1679,1679,train,0.005650950595736504,-3.890625,3.828125,7.71875,0.99951171875,0.001
1,1680,1680,train,0.0050282347947359085,-3.75,3.8125,7.5625,0.999755859375,0.001
1,1681,1681,train,0.00414680503308773,-3.8125,3.828125,7.625,1.0,0.001
1,1682,1682,train,0.004518220666795969,-3.765625,3.828125,7.59375,0.99951171875,0.001
1,1683,1683,train,0.004245172720402479,-3.796875,3.8125,7.625,1.0,0.001
1,1684,1684,train,0.0037566148675978184,-3.859375,3.84375,7.6875,1.0,0.001
1,1685,1685,train,0.004457064904272556,-3.734375,3.84375,7.5625,1.0,0.001
1,1686,1686,train,0.004931190051138401,-3.796875,3.796875,7.59375,1.0,0.001
1,1687,1687,train,0.004303227178752422,-3.859375,3.828125,7.6875,0.999755859375,0.001
1,1688,1688,train,0.005574855953454971,-3.75,3.828125,7.5625,0.99951171875,0.001
1,1689,1689,train,0.004268188029527664,-3.90625,3.828125,7.75,0.999755859375,0.001
1,1690,1690,train,0.004554030019789934,-3.875,3.828125,7.6875,0.99951171875,0.001
1,1691,1691,train,0.003941037226468325,-3.8125,3.84375,7.65625,1.0,0.001
1,1692,1692,train,0.0050055780448019505,-3.71875,3.8125,7.53125,0.999755859375,0.001
1,1693,1693,train,0.0038194030057638884,-3.71875,3.828125,7.5625,1.0,0.001
1,1694,1694,train,0.004356591962277889,-3.625,3.8125,7.4375,1.0,0.001
1,1695,1695,train,0.004439467564225197,-3.65625,3.828125,7.5,1.0,0.001
1,1696,1696,train,0.0041171289049088955,-3.84375,3.8125,7.65625,1.0,0.001
1,1697,1697,train,0.004075155593454838,-3.875,3.828125,7.6875,1.0,0.001
1,1698,1698,train,0.004349235445261002,-3.9375,3.84375,7.78125,1.0,0.001
1,1699,1699,train,0.003829308319836855,-3.953125,3.859375,7.8125,1.0,0.001
1,1700,1700,train,0.0039649847894907,-3.953125,3.84375,7.8125,1.0,0.001
1,1701,1701,train,0.004271845333278179,-3.8125,3.8125,7.625,0.999755859375,0.001
1,1702,1702,train,0.004209920298308134,-3.734375,3.796875,7.53125,1.0,0.001
1,1703,1703,train,0.004067630507051945,-3.734375,3.78125,7.5,1.0,0.001
1,1704,1704,train,0.0048554809764027596,-3.671875,3.75,7.4375,0.999755859375,0.001
1,1705,1705,train,0.004071262199431658,-3.671875,3.765625,7.4375,1.0,0.001
1,1706,1706,train,0.005022543482482433,-3.6875,3.75,7.4375,0.999755859375,0.001
1,1707,1707,train,0.004496830049902201,-3.828125,3.78125,7.625,0.999755859375,0.001
1,1708,1708,train,0.003884446807205677,-3.90625,3.796875,7.6875,1.0,0.001
1,1709,1709,train,0.003996178507804871,-3.96875,3.796875,7.75,1.0,0.001
1,1710,1710,train,0.00461730919778347,-3.96875,3.8125,7.78125,0.999755859375,0.001
1,1711,1711,train,0.003965483047068119,-3.984375,3.796875,7.78125,1.0,0.001
1,1712,1712,train,0.004142351448535919,-3.859375,3.78125,7.625,1.0,0.001
1,1713,1713,train,0.004053492099046707,-3.8125,3.765625,7.5625,1.0,0.001
1,1714,1714,train,0.004244489595293999,-3.78125,3.75,7.53125,1.0,0.001
1,1715,1715,train,0.003971766214817762,-3.75,3.765625,7.5,1.0,0.001
1,1716,1716,train,0.003956073895096779,-3.765625,3.75,7.5,1.0,0.001
1,1717,1717,train,0.004225157666951418,-3.796875,3.75,7.5625,1.0,0.001
1,1718,1718,train,0.004836447536945343,-3.765625,3.75,7.5,1.0,0.001
1,1719,1719,train,0.004586808383464813,-3.796875,3.78125,7.5625,0.999755859375,0.001
1,1720,1720,train,0.0041068848222494125,-3.953125,3.796875,7.75,1.0,0.001
1,1721,1721,train,0.004254417959600687,-3.9375,3.796875,7.75,0.999755859375,0.001
1,1722,1722,train,0.004225086886435747,-3.953125,3.78125,7.75,1.0,0.001
1,1723,1723,train,0.004149734973907471,-3.890625,3.796875,7.6875,1.0,0.001
1,1724,1724,train,0.004132832866162062,-3.734375,3.796875,7.53125,1.0,0.001
1,1725,1725,train,0.0037929597310721874,-3.84375,3.8125,7.65625,1.0,0.001
1,1726,1726,train,0.003937495872378349,-3.78125,3.78125,7.5625,1.0,0.001
1,1727,1727,train,0.004411579109728336,-3.71875,3.796875,7.5,0.999755859375,0.001
1,1728,1728,train,0.005216085817664862,-3.671875,3.765625,7.4375,0.99951171875,0.001
1,1729,1729,train,0.003836768213659525,-3.71875,3.765625,7.5,1.0,0.001
1,1730,1730,train,0.004454290494322777,-3.734375,3.75,7.5,0.999755859375,0.001
1,1731,1731,train,0.0044425781816244125,-3.703125,3.78125,7.5,1.0,0.001
1,1732,1732,train,0.004018105566501617,-3.890625,3.796875,7.6875,1.0,0.001
1,1733,1733,train,0.004242667928338051,-3.9375,3.796875,7.75,1.0,0.001
1,1734,1734,train,0.004068681038916111,-3.96875,3.828125,7.8125,1.0,0.001
1,1735,1735,train,0.005646642297506332,-3.890625,3.8125,7.6875,0.999755859375,0.001
1,1736,1736,train,0.004106626380234957,-3.90625,3.8125,7.71875,1.0,0.001
1,1737,1737,train,0.004032011143863201,-3.859375,3.828125,7.6875,1.0,0.001
1,1738,1738,train,0.0038885115645825863,-3.796875,3.78125,7.5625,1.0,0.001
1,1739,1739,train,0.00424092635512352,-3.71875,3.796875,7.5,1.0,0.001
1,1740,1740,train,0.004299318417906761,-3.625,3.78125,7.40625,1.0,0.001
1,1741,1741,train,0.004676274489611387,-3.6875,3.765625,7.4375,0.999755859375,0.001
1,1742,1742,train,0.003858153708279133,-3.75,3.796875,7.5625,1.0,0.001
1,1743,1743,train,0.004541310481727123,-3.765625,3.796875,7.5625,0.999755859375,0.001
1,1744,1744,train,0.004109272733330727,-3.765625,3.8125,7.5625,1.0,0.001
1,1745,1745,train,0.004655102267861366,-3.796875,3.84375,7.625,0.999755859375,0.001
1,1746,1746,train,0.004018479026854038,-3.78125,3.84375,7.625,1.0,0.001
1,1747,1747,train,0.004303651861846447,-3.765625,3.796875,7.5625,0.999755859375,0.001
1,1748,1748,train,0.0041681332513689995,-3.71875,3.8125,7.53125,1.0,0.001
1,1749,1749,train,0.004005101975053549,-3.734375,3.796875,7.53125,1.0,0.001
1,1750,1750,train,0.0043389154598116875,-3.75,3.8125,7.5625,0.999755859375,0.001
1,1751,1751,train,0.004417881835252047,-3.75,3.8125,7.5625,1.0,0.001
1,1752,1752,train,0.004950683563947678,-3.859375,3.828125,7.6875,0.999755859375,0.001
1,1753,1753,train,0.004340373445302248,-3.96875,3.84375,7.8125,1.0,0.001
1,1754,1754,train,0.00409323163330555,-4.0625,3.828125,7.875,1.0,0.001
1,1755,1755,train,0.0038305330090224743,-4.09375,3.84375,7.9375,1.0,0.001
1,1756,1756,train,0.003912358544766903,-3.96875,3.796875,7.75,1.0,0.001
1,1757,1757,train,0.00384799437597394,-3.828125,3.765625,7.59375,1.0,0.001
1,1758,1758,train,0.004521263297647238,-3.65625,3.71875,7.375,1.0,0.001
1,1759,1759,train,0.00399449747055769,-3.609375,3.703125,7.3125,1.0,0.001
1,1760,1760,train,0.004032136872410774,-3.671875,3.6875,7.375,1.0,0.001
1,1761,1761,train,0.004119041841477156,-3.796875,3.6875,7.5,0.999755859375,0.001
1,1762,1762,train,0.004285355564206839,-3.828125,3.71875,7.5625,1.0,0.001
1,1763,1763,train,0.004222986288368702,-3.921875,3.75,7.6875,1.0,0.001
1,1764,1764,train,0.003916624002158642,-4.03125,3.78125,7.8125,1.0,0.001
1,1765,1765,train,0.0050738477148115635,-4.0625,3.75,7.8125,0.999755859375,0.001
1,1766,1766,train,0.004023783374577761,-4.0,3.765625,7.75,1.0,0.001
1,1767,1767,train,0.004371203947812319,-3.890625,3.75,7.625,0.999755859375,0.001
1,1768,1768,train,0.0040316893719136715,-3.765625,3.734375,7.5,1.0,0.001
1,1769,1769,train,0.0038904892280697823,-3.65625,3.71875,7.375,1.0,0.001
1,1770,1770,train,0.004346927627921104,-3.5,3.734375,7.25,1.0,0.001
1,1771,1771,train,0.004268428776413202,-3.546875,3.75,7.3125,1.0,0.001
1,1772,1772,train,0.004414908122271299,-3.671875,3.8125,7.5,0.999755859375,0.001
1,1773,1773,train,0.0042074210941791534,-3.765625,3.859375,7.625,1.0,0.001
1,1774,1774,train,0.004098342731595039,-3.875,3.90625,7.78125,1.0,0.001
1,1775,1775,train,0.0048261540941894054,-3.890625,3.9375,7.8125,1.0,0.001
1,1776,1776,train,0.004127631429582834,-4.0,3.96875,7.96875,1.0,0.001
1,1777,1777,train,0.004260541405528784,-3.96875,3.96875,7.9375,1.0,0.001
1,1778,1778,train,0.0042250994592905045,-3.90625,3.9375,7.84375,1.0,0.001
1,1779,1779,train,0.004429347813129425,-3.765625,3.921875,7.6875,1.0,0.001
1,1780,1780,train,0.0038914356846362352,-3.71875,3.890625,7.625,1.0,0.001
1,1781,1781,train,0.004372491035610437,-3.65625,3.875,7.53125,0.999755859375,0.001
1,1782,1782,train,0.0038202230352908373,-3.59375,3.859375,7.4375,1.0,0.001
1,1783,1783,train,0.004049282521009445,-3.609375,3.828125,7.4375,1.0,0.001
1,1784,1784,train,0.004177273251116276,-3.625,3.796875,7.4375,1.0,0.001
1,1785,1785,train,0.004075292497873306,-3.671875,3.8125,7.5,1.0,0.001
1,1786,1786,train,0.004621793515980244,-3.71875,3.78125,7.5,1.0,0.001
1,1787,1787,train,0.004226271063089371,-3.84375,3.8125,7.65625,1.0,0.001
1,1788,1788,train,0.004224184900522232,-3.953125,3.84375,7.8125,1.0,0.001
1,1789,1789,train,0.004876948893070221,-3.953125,3.828125,7.78125,0.999755859375,0.001
1,1790,1790,train,0.004133196547627449,-4.0,3.8125,7.8125,1.0,0.001
1,1791,1791,train,0.004484962671995163,-3.90625,3.78125,7.6875,1.0,0.001
1,1792,1792,train,0.004216089379042387,-3.875,3.78125,7.65625,1.0,0.001
1,1793,1793,train,0.00396720739081502,-3.828125,3.765625,7.59375,1.0,0.001
1,1794,1794,train,0.0043441131711006165,-3.765625,3.75,7.5,1.0,0.001
1,1795,1795,train,0.004945344757288694,-3.71875,3.75,7.46875,0.99951171875,0.001
1,1796,1796,train,0.004411590285599232,-3.734375,3.75,7.5,1.0,0.001
1,1797,1797,train,0.00416947528719902,-3.84375,3.75,7.59375,1.0,0.001
1,1798,1798,train,0.005044889636337757,-3.828125,3.765625,7.59375,0.999755859375,0.001
1,1799,1799,train,0.004297816660255194,-3.828125,3.78125,7.625,1.0,0.001
1,1800,1800,train,0.004242051858454943,-3.890625,3.78125,7.6875,1.0,0.001
1,1801,1801,train,0.003967524506151676,-3.921875,3.796875,7.71875,1.0,0.001
1,1802,1802,train,0.004076929297298193,-3.875,3.75,7.625,1.0,0.001
1,1803,1803,train,0.0041938782669603825,-3.828125,3.78125,7.625,1.0,0.001
1,1804,1804,train,0.004574468359351158,-3.796875,3.75,7.5625,0.999755859375,0.001
1,1805,1805,train,0.003966805525124073,-3.78125,3.78125,7.5625,1.0,0.001
1,1806,1806,train,0.004935183562338352,-3.703125,3.765625,7.46875,0.99951171875,0.001
1,1807,1807,train,0.004029355011880398,-3.671875,3.765625,7.4375,1.0,0.001
1,1808,1808,train,0.003867050167173147,-3.84375,3.765625,7.625,1.0,0.001
1,1809,1809,train,0.004175704903900623,-3.828125,3.765625,7.59375,1.0,0.001
1,1810,1810,train,0.004224787466228008,-3.875,3.765625,7.625,1.0,0.001
1,1811,1811,train,0.003971331752836704,-3.859375,3.78125,7.625,1.0,0.001
1,1812,1812,train,0.003908766433596611,-3.828125,3.78125,7.625,1.0,0.001
1,1813,1813,train,0.004051159135997295,-3.8125,3.765625,7.5625,1.0,0.001
1,1814,1814,train,0.004090827889740467,-3.796875,3.765625,7.5625,1.0,0.001
1,1815,1815,train,0.004171029664576054,-3.734375,3.78125,7.5,1.0,0.001
1,1816,1816,train,0.003938666544854641,-3.71875,3.78125,7.5,1.0,0.001
1,1817,1817,train,0.004176677204668522,-3.796875,3.78125,7.5625,1.0,0.001
1,1818,1818,train,0.004209273960441351,-3.75,3.8125,7.5625,0.999755859375,0.001
1,1819,1819,train,0.004207431338727474,-3.75,3.8125,7.5625,0.999755859375,0.001
1,1820,1820,train,0.003959410358220339,-3.78125,3.828125,7.625,1.0,0.001
1,1821,1821,train,0.0038629111368209124,-3.734375,3.828125,7.5625,1.0,0.001
1,1822,1822,train,0.004045718349516392,-3.65625,3.8125,7.46875,1.0,0.001
1,1823,1823,train,0.004997371695935726,-3.640625,3.828125,7.46875,1.0,0.001
1,1824,1824,train,0.004629125818610191,-3.6875,3.84375,7.53125,1.0,0.001
1,1825,1825,train,0.004378657788038254,-3.828125,3.875,7.6875,1.0,0.001
1,1826,1826,train,0.004002051893621683,-3.953125,3.875,7.8125,1.0,0.001
1,1827,1827,train,0.004477899055927992,-3.984375,3.890625,7.875,1.0,0.001
1,1828,1828,train,0.004025076050311327,-4.0,3.875,7.875,1.0,0.001
1,1829,1829,train,0.00465961080044508,-3.921875,3.828125,7.75,0.999755859375,0.001
1,1830,1830,train,0.003963472321629524,-3.8125,3.828125,7.625,1.0,0.001
1,1831,1831,train,0.0041992077603936195,-3.703125,3.8125,7.5,1.0,0.001
1,1832,1832,train,0.004404385574162006,-3.640625,3.796875,7.4375,1.0,0.001
1,1833,1833,train,0.004095402080565691,-3.65625,3.78125,7.4375,1.0,0.001
1,1834,1834,train,0.004837624728679657,-3.65625,3.765625,7.4375,0.999755859375,0.001
1,1835,1835,train,0.004073882009834051,-3.765625,3.8125,7.5625,1.0,0.001
1,1836,1836,train,0.00400200579315424,-3.8125,3.828125,7.625,1.0,0.001
1,1837,1837,train,0.00438482454046607,-3.90625,3.828125,7.75,1.0,0.001
1,1838,1838,train,0.004056604579091072,-3.96875,3.84375,7.8125,1.0,0.001
1,1839,1839,train,0.004306794609874487,-3.953125,3.828125,7.78125,1.0,0.001
1,1840,1840,train,0.004515334498137236,-3.875,3.8125,7.6875,1.0,0.001
1,1841,1841,train,0.004087913315743208,-3.828125,3.8125,7.625,1.0,0.001
1,1842,1842,train,0.00462380750104785,-3.75,3.78125,7.53125,0.999755859375,0.001
1,1843,1843,train,0.0041486239060759544,-3.71875,3.78125,7.5,1.0,0.001
1,1844,1844,train,0.004192665219306946,-3.8125,3.765625,7.5625,1.0,0.001
1,1845,1845,train,0.004115907009691,-3.84375,3.765625,7.625,1.0,0.001
1,1846,1846,train,0.004508803132921457,-3.84375,3.78125,7.625,0.999755859375,0.001
1,1847,1847,train,0.0044698454439640045,-3.859375,3.78125,7.625,1.0,0.001
1,1848,1848,train,0.0038973460905253887,-3.984375,3.796875,7.78125,1.0,0.001
1,1849,1849,train,0.0038715405389666557,-3.984375,3.796875,7.78125,1.0,0.001
1,1850,1850,train,0.004135214723646641,-3.953125,3.765625,7.71875,1.0,0.001
1,1851,1851,train,0.005105001851916313,-3.8125,3.765625,7.5625,1.0,0.001
1,1852,1852,train,0.004296923987567425,-3.8125,3.734375,7.5625,1.0,0.001
1,1853,1853,train,0.004086465109139681,-3.75,3.71875,7.46875,1.0,0.001
1,1854,1854,train,0.004432991612702608,-3.734375,3.734375,7.46875,0.999755859375,0.001
1,1855,1855,train,0.0044106473214924335,-3.765625,3.71875,7.5,1.0,0.001
1,1856,1856,train,0.003978752996772528,-3.78125,3.734375,7.5,1.0,0.001
1,1857,1857,train,0.0039044711738824844,-3.875,3.75,7.625,1.0,0.001
1,1858,1858,train,0.004529766738414764,-3.859375,3.765625,7.625,0.999755859375,0.001
1,1859,1859,train,0.0040605575777590275,-3.921875,3.765625,7.6875,1.0,0.001
1,1860,1860,train,0.004006515257060528,-3.921875,3.765625,7.6875,1.0,0.001
1,1861,1861,train,0.0043348646722733974,-3.859375,3.75,7.625,1.0,0.001
1,1862,1862,train,0.004028843715786934,-3.875,3.75,7.625,1.0,0.001
1,1863,1863,train,0.004057437647134066,-3.90625,3.765625,7.6875,1.0,0.001
1,1864,1864,train,0.004699742887169123,-3.859375,3.765625,7.625,0.999755859375,0.001
1,1865,1865,train,0.004080986138433218,-3.71875,3.75,7.46875,0.999755859375,0.001
1,1866,1866,train,0.0039478205144405365,-3.6875,3.734375,7.4375,1.0,0.001
1,1867,1867,train,0.004175558686256409,-3.671875,3.734375,7.40625,1.0,0.001
1,1868,1868,train,0.004445193335413933,-3.734375,3.765625,7.5,1.0,0.001
1,1869,1869,train,0.004097414202988148,-3.78125,3.78125,7.5625,1.0,0.001
1,1870,1870,train,0.004052541684359312,-3.84375,3.8125,7.65625,0.999755859375,0.001
1,1871,1871,train,0.004669990856200457,-3.921875,3.8125,7.75,1.0,0.001
1,1872,1872,train,0.004129610024392605,-3.96875,3.8125,7.78125,1.0,0.001
1,1873,1873,train,0.0037979104090481997,-3.921875,3.84375,7.75,1.0,0.001
1,1874,1874,train,0.004011295735836029,-3.78125,3.796875,7.5625,1.0,0.001
1,1875,1875,train,0.004419395700097084,-3.734375,3.8125,7.5625,1.0,0.001
1,1876,1876,train,0.005721929017454386,-3.734375,3.8125,7.5625,0.99951171875,0.001
1,1877,1877,train,0.0042805904522538185,-3.6875,3.796875,7.5,1.0,0.001
1,1878,1878,train,0.004740768577903509,-3.625,3.796875,7.4375,1.0,0.001
1,1879,1879,train,0.004538839217275381,-3.703125,3.78125,7.5,1.0,0.001
1,1880,1880,train,0.004216064233332872,-3.84375,3.8125,7.65625,1.0,0.001
1,1881,1881,train,0.004064156208187342,-3.921875,3.859375,7.78125,1.0,0.001
1,1882,1882,train,0.0038743726909160614,-3.984375,3.859375,7.84375,1.0,0.001
1,1883,1883,train,0.003948067780584097,-3.90625,3.8125,7.71875,1.0,0.001
1,1884,1884,train,0.004812567960470915,-3.828125,3.8125,7.625,0.99951171875,0.001
1,1885,1885,train,0.004116663709282875,-3.671875,3.78125,7.4375,1.0,0.001
1,1886,1886,train,0.00427882419899106,-3.515625,3.796875,7.3125,1.0,0.001
1,1887,1887,train,0.00407794676721096,-3.53125,3.78125,7.3125,1.0,0.001
1,1888,1888,train,0.004008969757705927,-3.609375,3.828125,7.4375,1.0,0.001
1,1889,1889,train,0.0044129155576229095,-3.703125,3.828125,7.53125,1.0,0.001
1,1890,1890,train,0.0052663059905171394,-3.890625,3.859375,7.75,1.0,0.001
1,1891,1891,train,0.003931744489818811,-4.0,3.921875,7.9375,1.0,0.001
1,1892,1892,train,0.006004823837429285,-4.0,3.90625,7.90625,0.999755859375,0.001
1,1893,1893,train,0.0043444084003567696,-4.03125,3.875,7.90625,0.999755859375,0.001
1,1894,1894,train,0.0043828533962368965,-3.96875,3.859375,7.8125,1.0,0.001
1,1895,1895,train,0.004524421878159046,-3.828125,3.8125,7.625,0.999755859375,0.001
1,1896,1896,train,0.00387168163433671,-3.734375,3.796875,7.53125,1.0,0.001
1,1897,1897,train,0.0038019735366106033,-3.671875,3.796875,7.46875,1.0,0.001
1,1898,1898,train,0.004743601195514202,-3.515625,3.75,7.25,0.999755859375,0.001
1,1899,1899,train,0.004772198386490345,-3.625,3.75,7.375,1.0,0.001
1,1900,1900,train,0.0049306838773190975,-3.703125,3.75,7.4375,1.0,0.001
1,1901,1901,train,0.003982000984251499,-3.90625,3.75,7.65625,1.0,0.001
1,1902,1902,train,0.003923630807548761,-4.03125,3.765625,7.8125,1.0,0.001
1,1903,1903,train,0.00410620728507638,-4.03125,3.78125,7.8125,1.0,0.001
1,1904,1904,train,0.00511127058416605,-4.0625,3.75,7.8125,0.99951171875,0.001
1,1905,1905,train,0.004118885844945908,-3.96875,3.75,7.71875,1.0,0.001
1,1906,1906,train,0.004248046316206455,-3.78125,3.734375,7.5,1.0,0.001
1,1907,1907,train,0.00455585028976202,-3.671875,3.6875,7.375,1.0,0.001
1,1908,1908,train,0.004262533970177174,-3.703125,3.71875,7.4375,1.0,0.001
1,1909,1909,train,0.004372722469270229,-3.71875,3.75,7.46875,1.0,0.001
1,1910,1910,train,0.004208840429782867,-3.859375,3.765625,7.625,0.999755859375,0.001
1,1911,1911,train,0.004404720850288868,-3.875,3.8125,7.6875,1.0,0.001
1,1912,1912,train,0.004359339829534292,-3.875,3.8125,7.6875,1.0,0.001
1,1913,1913,train,0.004384235478937626,-3.9375,3.859375,7.8125,1.0,0.001
1,1914,1914,train,0.00402256241068244,-3.96875,3.890625,7.875,1.0,0.001
1,1915,1915,train,0.004459289368242025,-3.875,3.890625,7.75,1.0,0.001
1,1916,1916,train,0.0038163145072758198,-3.859375,3.90625,7.75,1.0,0.001
1,1917,1917,train,0.003904750570654869,-3.765625,3.859375,7.625,1.0,0.001
1,1918,1918,train,0.003996248356997967,-3.6875,3.84375,7.53125,1.0,0.001
1,1919,1919,train,0.004639816004782915,-3.578125,3.84375,7.4375,1.0,0.001
1,1920,1920,train,0.004486932419240475,-3.5625,3.84375,7.40625,1.0,0.001
1,1921,1921,train,0.004127480089664459,-3.828125,3.84375,7.6875,1.0,0.001
1,1922,1922,train,0.004186216741800308,-3.984375,3.828125,7.8125,1.0,0.001
1,1923,1923,train,0.003925702068954706,-4.0625,3.859375,7.9375,1.0,0.001
1,1924,1924,train,0.004063684027642012,-4.0,3.828125,7.8125,1.0,0.001
1,1925,1925,train,0.004289538599550724,-3.84375,3.78125,7.625,1.0,0.001
1,1926,1926,train,0.0041363779455423355,-3.8125,3.765625,7.5625,1.0,0.001
1,1927,1927,train,0.0045615918934345245,-3.78125,3.75,7.53125,1.0,0.001
1,1928,1928,train,0.004635516554117203,-3.75,3.734375,7.5,0.999755859375,0.001
1,1929,1929,train,0.0042264992371201515,-3.75,3.75,7.5,1.0,0.001
1,1930,1930,train,0.003977923654019833,-3.84375,3.78125,7.625,1.0,0.001
1,1931,1931,train,0.00411237170919776,-3.875,3.796875,7.6875,1.0,0.001
1,1932,1932,train,0.004351496230810881,-3.90625,3.796875,7.6875,0.999755859375,0.001
1,1933,1933,train,0.003929480444639921,-3.859375,3.8125,7.6875,1.0,0.001
1,1934,1934,train,0.00391754787415266,-3.859375,3.8125,7.6875,1.0,0.001
1,1935,1935,train,0.004060907755047083,-3.78125,3.796875,7.5625,1.0,0.001
1,1936,1936,train,0.0042203147895634174,-3.75,3.78125,7.53125,1.0,0.001
1,1937,1937,train,0.0040618740022182465,-3.71875,3.78125,7.5,1.0,0.001
1,1938,1938,train,0.0039851730689406395,-3.765625,3.78125,7.5625,1.0,0.001
1,1939,1939,train,0.004447576589882374,-3.71875,3.78125,7.5,1.0,0.001
1,1940,1940,train,0.004495000466704369,-3.75,3.8125,7.5625,1.0,0.001
1,1941,1941,train,0.004079223610460758,-3.84375,3.828125,7.6875,1.0,0.001
1,1942,1942,train,0.004267069511115551,-3.859375,3.84375,7.6875,1.0,0.001
1,1943,1943,train,0.00414201058447361,-3.953125,3.828125,7.78125,1.0,0.001
1,1944,1944,train,0.004419656936079264,-3.90625,3.828125,7.75,0.99951171875,0.001
1,1945,1945,train,0.0039318520575761795,-3.875,3.8125,7.6875,1.0,0.001
1,1946,1946,train,0.0045398385263979435,-3.75,3.78125,7.53125,1.0,0.001
1,1947,1947,train,0.0049333879724144936,-3.671875,3.78125,7.4375,0.999755859375,0.001
1,1948,1948,train,0.00443677045404911,-3.640625,3.765625,7.40625,1.0,0.001
1,1949,1949,train,0.0045099384151399136,-3.65625,3.78125,7.4375,0.999755859375,0.001
1,1950,1950,train,0.004053567536175251,-3.75,3.796875,7.5625,1.0,0.001
1,1951,1951,train,0.004235432483255863,-3.78125,3.796875,7.5625,1.0,0.001
1,1952,1952,train,0.00385089754126966,-3.828125,3.828125,7.65625,1.0,0.001
1,1953,1953,train,0.005638374015688896,-3.828125,3.828125,7.65625,1.0,0.001
1,1954,1954,train,0.004106742795556784,-3.875,3.8125,7.6875,1.0,0.001
1,1955,1955,train,0.004095729440450668,-3.828125,3.796875,7.625,1.0,0.001
1,1956,1956,train,0.0038697137497365475,-3.765625,3.8125,7.5625,1.0,0.001
1,1957,1957,train,0.004828164353966713,-3.671875,3.78125,7.4375,0.999755859375,0.001
1,1958,1958,train,0.004018301609903574,-3.59375,3.78125,7.375,1.0,0.001
1,1959,1959,train,0.004159335512667894,-3.578125,3.765625,7.34375,1.0,0.001
1,1960,1960,train,0.00404579471796751,-3.625,3.796875,7.4375,0.999755859375,0.001
